Report Type : StationReport,,,,
Date,Time,NO,NO2,NOX
,,ppb,ppb,ppb
1/1/18,12:00 AM,,,
1/2/18,12:00 AM,,,
1/3/18,12:00 AM,,,
1/4/18,12:00 AM,,,
1/5/18,12:00 AM,,,
1/6/18,12:00 AM,15.2,19.5,34.8
1/7/18,12:00 AM,7.9,18,26
1/8/18,12:00 AM,51.4,23.3,74.8
1/9/18,12:00 AM,22.2,19.9,42.2
1/10/18,12:00 AM,32.1,28.1,60.3
1/11/18,12:00 AM,13.4,19.6,33.1
1/12/18,12:00 AM,23.7,24.5,48.2
1/13/18,12:00 AM,6.6,14.5,21.3
1/14/18,12:00 AM,63.2,19.5,82.7
1/15/18,12:00 AM,99.2,25.2,124.4
1/16/18,12:00 AM,24.8,25.1,50
1/17/18,12:00 AM,56.3,30.1,86.5
1/18/18,12:00 AM,11.8,19.8,31.7
1/19/18,12:00 AM,17.1,21.9,39.2
1/20/18,12:00 AM,7.1,12.5,19.6
1/21/18,12:00 AM,5,8.9,14
1/22/18,12:00 AM,19.1,23.8,42.9
1/23/18,12:00 AM,27.8,23.8,51.6
1/24/18,12:00 AM,10,20.9,31
1/25/18,12:00 AM,18.4,21.1,39.6
1/26/18,12:00 AM,16.8,21.2,38.1
1/27/18,12:00 AM,7.2,11.2,18.5
1/28/18,12:00 AM,5.9,13.9,19.9
1/29/18,12:00 AM,29.2,22.1,51.4
1/30/18,12:00 AM,24.5,26,50.6
1/31/18,12:00 AM,25.7,25.7,51.6
2/1/18,12:00 AM,13.2,21.4,34.7
2/2/18,12:00 AM,26.8,20.5,47.4
2/3/18,12:00 AM,14.8,14.6,29.5
2/4/18,12:00 AM,12.4,13.6,26.1
2/5/18,12:00 AM,26.6,26.4,53.1
2/6/18,12:00 AM,22.7,22.9,45.6
2/7/18,12:00 AM,37.8,23.9,61.7
2/8/18,12:00 AM,24,17.8,41.9
2/9/18,12:00 AM,22.6,20.5,43.2
2/10/18,12:00 AM,9.9,16.4,26.4
2/11/18,12:00 AM,6.9,12.3,19.2
2/12/18,12:00 AM,9.1,18.8,28
2/13/18,12:00 AM,38.4,31.9,70.4
2/14/18,12:00 AM,30.4,27.7,58.1
2/15/18,12:00 AM,29.9,26.6,56.7
2/16/18,12:00 AM,23,25,48.1
2/17/18,12:00 AM,8.8,13.6,22.5
2/18/18,12:00 AM,5.6,10.2,15.9
2/19/18,12:00 AM,10.1,15.2,25.4
2/20/18,12:00 AM,18.9,23,42
2/21/18,12:00 AM,21.6,22.9,44.6
2/22/18,12:00 AM,9.4,14.4,23.9
2/23/18,12:00 AM,13.7,23.1,36.9
2/24/18,12:00 AM,10.8,17.1,28
2/25/18,12:00 AM,6.5,11.3,17.9
2/26/18,12:00 AM,33.5,29.1,62.8
2/27/18,12:00 AM,12.6,18.5,31.2
2/28/18,12:00 AM,14.6,19.8,34.5
3/1/18,12:00 AM,15.9,25.2,41.1
3/2/18,12:00 AM,23.4,23.9,47.4
3/3/18,12:00 AM,7,15.6,22.6
3/4/18,12:00 AM,13.7,19.5,33.3
3/5/18,12:00 AM,24.9,26.9,51.9
3/6/18,12:00 AM,8.9,14.5,23.6
3/7/18,12:00 AM,21.7,23.5,45.3
3/8/18,12:00 AM,24,24.1,48.2
3/9/18,12:00 AM,,,
3/10/18,12:00 AM,,,
3/11/18,12:00 AM,40.8,33.3,74.2
3/12/18,12:00 AM,74,29.6,103.7
3/13/18,12:00 AM,28.3,28.5,56.9
3/14/18,12:00 AM,25.3,24.2,49.6
3/15/18,12:00 AM,25.9,19.6,45.7
3/16/18,12:00 AM,15,18.3,33.4
3/17/18,12:00 AM,16.7,19.6,36.4
3/18/18,12:00 AM,13.3,18.2,31.6
3/19/18,12:00 AM,28.7,24.1,53
3/20/18,12:00 AM,15.4,17.2,32.7
3/21/18,12:00 AM,58.9,36,95
3/22/18,12:00 AM,26.5,28.2,54.8
3/23/18,12:00 AM,15.4,21,36.5
3/24/18,12:00 AM,17.1,19.9,37.1
3/25/18,12:00 AM,11.5,15.7,27.3
3/26/18,12:00 AM,15.8,18.4,34.3
3/27/18,12:00 AM,17.4,19.4,36.9
3/28/18,12:00 AM,10.4,14.3,24.9
3/29/18,12:00 AM,22.9,21.3,44.3
3/30/18,12:00 AM,22,21.1,43.3
3/31/18,12:00 AM,14.9,18.1,33.1
4/1/18,12:00 AM,4.4,9.2,13.7
4/2/18,12:00 AM,17.4,20.4,37.9
4/3/18,12:00 AM,18.7,25.3,44.2
4/4/18,12:00 AM,6.5,16.9,23.5
4/5/18,12:00 AM,34.9,20.8,55.8
4/6/18,12:00 AM,28.7,20.4,49.3
4/7/18,12:00 AM,15.1,17.5,32.7
4/8/18,12:00 AM,5.6,8.1,13.8
4/9/18,12:00 AM,19.7,25.2,45
4/10/18,12:00 AM,22.6,25.1,47.7
4/11/18,12:00 AM,9,17.7,26.8
4/12/18,12:00 AM,21.2,20.5,41.8
4/13/18,12:00 AM,9.2,14.6,23.9
4/14/18,12:00 AM,9.7,17.4,27.2
4/15/18,12:00 AM,4.8,11,15.9
4/16/18,12:00 AM,15.9,21.2,37.2
4/17/18,12:00 AM,20.5,21.1,41.7
4/18/18,12:00 AM,9.4,13.3,22.7
4/19/18,12:00 AM,21.1,20,41.2
4/20/18,12:00 AM,20.3,23.7,44.1
4/21/18,12:00 AM,3.7,10.8,14.7
4/22/18,12:00 AM,2.3,9.2,11.6
4/23/18,12:00 AM,15,19.7,34.8
4/24/18,12:00 AM,22.7,24.4,47.4
4/25/18,12:00 AM,13.5,20.2,33.8
4/26/18,12:00 AM,17.2,25.4,42.7
4/27/18,12:00 AM,23.1,22.4,45.5
4/28/18,12:00 AM,12,15.3,27.3
4/29/18,12:00 AM,10,12.8,22.8
4/30/18,12:00 AM,28,26.9,55
5/1/18,12:00 AM,36.1,29.8,66
5/2/18,12:00 AM,,,
5/3/18,12:00 AM,32.1,21.1,53.3
5/4/18,12:00 AM,21.3,19.3,40.6
5/5/18,12:00 AM,9.8,15.6,25.4
5/6/18,12:00 AM,17.8,21.3,39.2
5/7/18,12:00 AM,26.3,24.3,50.6
5/8/18,12:00 AM,38,24.8,62.9
5/9/18,12:00 AM,20.5,19.6,40.1
5/10/18,12:00 AM,21.6,20.7,42.3
5/11/18,12:00 AM,15.9,17.8,33.8
5/12/18,12:00 AM,6,11.6,17.8
5/13/18,12:00 AM,26.6,30,56.7
5/14/18,12:00 AM,38,35.1,73.1
5/15/18,12:00 AM,22.6,18.2,41
5/16/18,12:00 AM,26.9,17.7,44.7
5/17/18,12:00 AM,25.9,19.6,45.6
5/18/18,12:00 AM,48.3,28,76.4
5/19/18,12:00 AM,47.8,31,78.9
5/20/18,12:00 AM,10.7,14.2,25
5/21/18,12:00 AM,15.9,13.9,29.9
5/22/18,12:00 AM,19,16.4,35.5
5/23/18,12:00 AM,33.7,28.5,62.3
5/24/18,12:00 AM,28.5,18.4,47
5/25/18,12:00 AM,11.5,12.4,23.9
5/26/18,12:00 AM,8.4,12.5,21
5/27/18,12:00 AM,10.6,14.1,24.9
5/28/18,12:00 AM,7.6,8.2,15.9
5/29/18,12:00 AM,13,13.1,26.2
5/30/18,12:00 AM,15.2,13,28.3
5/31/18,12:00 AM,16.6,15.8,32.4
6/1/18,12:00 AM,18.2,15.6,33.9
6/2/18,12:00 AM,16.1,18.5,34.8
6/3/18,12:00 AM,17.9,15,33.1
6/4/18,12:00 AM,5.4,9.3,14.8
6/5/18,12:00 AM,21.8,18.1,40
6/6/18,12:00 AM,19.7,20.5,40.3
6/7/18,12:00 AM,17.9,19.2,37.2
6/8/18,12:00 AM,20.2,23.9,44.1
6/9/18,12:00 AM,15.8,17.3,33.2
6/10/18,12:00 AM,7.7,9.3,17.1
6/11/18,12:00 AM,36.7,21.6,58.5
6/12/18,12:00 AM,28.1,21.7,49.9
6/13/18,12:00 AM,15.7,14.1,30
6/14/18,12:00 AM,19,15.2,34.2
6/15/18,12:00 AM,14.6,11.7,26.3
6/16/18,12:00 AM,4.5,9.9,14.5
6/17/18,12:00 AM,21.6,19.1,40.8
6/18/18,12:00 AM,31.8,25.4,57.2
6/19/18,12:00 AM,41.8,26.8,68.6
6/20/18,12:00 AM,,,
6/21/18,12:00 AM,23.6,14.2,38
6/22/18,12:00 AM,24.5,14,38.6
6/23/18,12:00 AM,11.9,12.9,25
6/24/18,12:00 AM,14.3,11.2,25.6
6/25/18,12:00 AM,17.2,15.4,33.1
6/26/18,12:00 AM,12.8,12.2,25.1
6/27/18,12:00 AM,27.5,17.9,45.5
6/28/18,12:00 AM,26.2,18.9,45.2
6/29/18,12:00 AM,22.3,17.9,40.3
6/30/18,12:00 AM,23.3,17.3,40.7
7/1/18,12:00 AM,9.8,8.5,18.4
7/2/18,12:00 AM,7.8,9.9,17.7
7/3/18,12:00 AM,28.4,19.3,47.8
7/4/18,12:00 AM,14.1,18.6,32.8
7/5/18,12:00 AM,30,20.8,50.8
7/6/18,12:00 AM,25.4,13.7,39.2
7/7/18,12:00 AM,11.8,11.3,23.2
7/8/18,12:00 AM,15.8,15.4,31.3
7/9/18,12:00 AM,28.4,20.1,48.6
7/10/18,12:00 AM,25.4,17.2,42.7
7/11/18,12:00 AM,17.9,14.7,32.6
7/12/18,12:00 AM,30.5,17.9,48.4
7/13/18,12:00 AM,44.1,25.8,70
7/14/18,12:00 AM,28.7,21.9,50.7
7/15/18,12:00 AM,26.1,22.5,48.6
7/16/18,12:00 AM,56.8,35.6,92.5
7/17/18,12:00 AM,33,23.3,56.3
7/18/18,12:00 AM,32.8,15.9,48.8
7/19/18,12:00 AM,30.2,17.6,47.9
7/20/18,12:00 AM,22.5,14.9,37.5
7/21/18,12:00 AM,22.9,13.9,36.9
7/22/18,12:00 AM,14.4,14.6,29.1
7/23/18,12:00 AM,48.8,22.7,71.6
7/24/18,12:00 AM,42.8,25.3,68.2
7/25/18,12:00 AM,58.9,37.5,96.5
7/26/18,12:00 AM,54.1,39.2,93.4
7/27/18,12:00 AM,46.8,29.9,76.8
7/28/18,12:00 AM,31.5,23.2,54.8
7/29/18,12:00 AM,41.1,30.2,71.4
7/30/18,12:00 AM,56.6,38.3,94.9
7/31/18,12:00 AM,23.1,14.2,37.5
8/1/18,12:00 AM,30.5,15.2,45.8
8/2/18,12:00 AM,27,12.2,39.3
8/3/18,12:00 AM,35.1,15.8,51
8/4/18,12:00 AM,22.6,16.1,38.8
8/5/18,12:00 AM,49.9,25,75
8/6/18,12:00 AM,46.6,20.4,67.2
8/7/18,12:00 AM,47.7,26.3,74.2
8/8/18,12:00 AM,73.8,40.1,114
8/9/18,12:00 AM,38.4,28.6,67.1
8/10/18,12:00 AM,55.9,19.7,75.7
8/11/18,12:00 AM,18.4,12.5,31
8/12/18,12:00 AM,21.4,14.8,36.2
8/13/18,12:00 AM,16,14.3,30.4
8/14/18,12:00 AM,,,
8/15/18,12:00 AM,87.2,50.2,137.5
8/16/18,12:00 AM,45.5,25.5,71.1
8/17/18,12:00 AM,39.5,27.6,67.2
8/18/18,12:00 AM,39.5,28.5,68.1
8/19/18,12:00 AM,36.3,29.5,65.9
8/20/18,12:00 AM,37.1,26.2,63.5
8/21/18,12:00 AM,91.1,57.3,148.5
8/22/18,12:00 AM,70.7,59.2,129.9
8/23/18,12:00 AM,23.7,16.3,40.1
8/24/18,12:00 AM,25.1,19.7,44.9
8/25/18,12:00 AM,16.3,16.9,33.3
8/26/18,12:00 AM,13.7,14.5,28.3
8/27/18,12:00 AM,17.2,19,36.3
8/28/18,12:00 AM,,,
8/29/18,12:00 AM,35.2,19.8,55
8/30/18,12:00 AM,35.7,17,52.8
8/31/18,12:00 AM,21.9,14.3,36.7
9/1/18,12:00 AM,17,12.5,30
9/2/18,12:00 AM,15.1,13.4,28.6
9/3/18,12:00 AM,13.3,10.8,24.2
9/4/18,12:00 AM,,,
9/5/18,12:00 AM,23.9,26.2,50.2
9/6/18,12:00 AM,67.1,42.5,109.7
9/7/18,12:00 AM,27.4,19.4,46.9
9/8/18,12:00 AM,16.6,13.8,30.5
9/9/18,12:00 AM,9.5,11.1,20.7
9/10/18,12:00 AM,,,
9/11/18,12:00 AM,27.2,18.9,46.3
9/12/18,12:00 AM,30.7,20.8,51.7
9/13/18,12:00 AM,31.8,22.3,54.2
9/14/18,12:00 AM,28.2,19.4,47.7
9/15/18,12:00 AM,9.9,12.6,22.6
9/16/18,12:00 AM,8.2,11.2,19.5
9/17/18,12:00 AM,8.8,12.1,21
9/18/18,12:00 AM,12,15.9,27.9
9/19/18,12:00 AM,37.3,19.9,57.3
9/20/18,12:00 AM,15.3,13.4,28.8
9/21/18,12:00 AM,23,17.6,40.8
9/22/18,12:00 AM,10.2,10,20.3
9/23/18,12:00 AM,16.6,15.1,31.8
9/24/18,12:00 AM,30,16.9,46.9
9/25/18,12:00 AM,11.1,12.7,23.9
9/26/18,12:00 AM,14.1,14.9,29.2
9/27/18,12:00 AM,11.9,14.5,26.5
9/28/18,12:00 AM,13.4,17.2,30.7
9/29/18,12:00 AM,31.1,21,52.1
9/30/18,12:00 AM,14.7,13.4,28.3
10/1/18,12:00 AM,14.5,17,31.7
10/2/18,12:00 AM,17.3,15.6,33
10/3/18,12:00 AM,19.6,14.2,34
10/4/18,12:00 AM,25.7,20.1,45.9
10/5/18,12:00 AM,13.6,15.8,29.5
10/6/18,12:00 AM,5.9,10.5,16.5
10/7/18,12:00 AM,15.7,14.7,30.5
10/8/18,12:00 AM,59.3,23.1,82.5
10/9/18,12:00 AM,21,14.7,35.9
10/10/18,12:00 AM,58.1,19.6,77.7
10/11/18,12:00 AM,38.4,18.1,56.7
10/12/18,12:00 AM,38.4,17,55.4
10/13/18,12:00 AM,4.6,11.2,15.9
10/14/18,12:00 AM,9.1,14.5,23.7
10/15/18,12:00 AM,18.9,19.4,38.5
10/16/18,12:00 AM,53.1,24.3,77.5
10/17/18,12:00 AM,108.9,35.5,144.8
10/18/18,12:00 AM,83.2,33.7,117.3
10/19/18,12:00 AM,77.1,28.5,105.8
10/20/18,12:00 AM,4.8,14.8,19.7
10/21/18,12:00 AM,39.7,18.6,58.4
10/22/18,12:00 AM,86.3,26,112.4
10/23/18,12:00 AM,47.7,21.7,69.4
10/24/18,12:00 AM,37.6,26,64.3
10/25/18,12:00 AM,21.9,23.6,45.6
10/26/18,12:00 AM,16.5,18.1,34.7
10/27/18,12:00 AM,25.8,18.1,44
10/28/18,12:00 AM,6.3,12.2,18.5
10/29/18,12:00 AM,23.3,22.4,45.8
10/30/18,12:00 AM,28.5,22.6,51.2
10/31/18,12:00 AM,29.8,21.7,51.5
11/1/18,12:00 AM,17.5,17.1,34.7
11/2/18,12:00 AM,21,21.2,42.3
11/3/18,12:00 AM,9.6,14.7,24.4
11/4/18,12:00 AM,7.4,12.6,20.1
11/5/18,12:00 AM,29.2,27.2,56.5
11/6/18,12:00 AM,23.1,21,44.2
11/7/18,12:00 AM,11.2,16.2,27.5
11/8/18,12:00 AM,50.7,19.6,70.5
11/9/18,12:00 AM,63.8,20.1,83.9
11/10/18,12:00 AM,17.3,15,32.4
11/11/18,12:00 AM,10.2,11.7,22
11/12/18,12:00 AM,80,30.7,110.8
11/13/18,12:00 AM,43.2,27.7,71
11/14/18,12:00 AM,33.6,30.1,63.7
11/15/18,12:00 AM,28.9,22.8,51.8
11/16/18,12:00 AM,13.9,14.6,28.6
11/17/18,12:00 AM,4.7,11.2,16
11/18/18,12:00 AM,24.8,19.6,44.6
11/19/18,12:00 AM,128.3,27.3,155.7
11/20/18,12:00 AM,171.5,28.5,200.1
11/21/18,12:00 AM,88.4,33.9,122.3
11/22/18,12:00 AM,8.9,12.5,21.6
11/23/18,12:00 AM,7.4,14.1,21.6
11/24/18,12:00 AM,22.9,20.9,43.8
11/25/18,12:00 AM,47.4,19.9,67.3
11/26/18,12:00 AM,43.2,21.2,64.5
11/27/18,12:00 AM,14.6,20.9,35.6
11/28/18,12:00 AM,24.1,23.4,47.5
11/29/18,12:00 AM,10.7,17.5,28.2
11/30/18,12:00 AM,29.9,20.5,50.4
12/1/18,12:00 AM,18.8,22.7,41.5
12/2/18,12:00 AM,11,17.2,28.3
12/3/18,12:00 AM,7.8,11.5,19.4
12/4/18,12:00 AM,9.2,17.8,27.2
12/5/18,12:00 AM,11.4,19.4,30.9
12/6/18,12:00 AM,37.1,28.9,66.1
12/7/18,12:00 AM,36.5,27.5,64.1
12/8/18,12:00 AM,28.4,21.8,50.3
12/9/18,12:00 AM,8.7,14.3,23.1
12/10/18,12:00 AM,21.5,21.4,43
12/11/18,12:00 AM,15.8,20.3,36.2
12/12/18,12:00 AM,18.8,22.4,41.2
12/13/18,12:00 AM,29.6,28.2,58
12/14/18,12:00 AM,65.4,26,91.5
12/15/18,12:00 AM,9.5,13.8,23.3
12/16/18,12:00 AM,12.9,17.3,30.4
12/17/18,12:00 AM,14.8,19.3,34.2
12/18/18,12:00 AM,16.9,23,40.1
12/19/18,12:00 AM,34.6,28.9,63.6
12/20/18,12:00 AM,13.9,18.4,32.3
12/21/18,12:00 AM,20,24.3,44.3
12/22/18,12:00 AM,23,21.3,44.4
12/23/18,12:00 AM,6.2,13.8,20.1
12/24/18,12:00 AM,3.6,10.7,14.4
12/25/18,12:00 AM,11,15.1,26.2
12/26/18,12:00 AM,13.1,15.2,28.3
12/27/18,12:00 AM,38.9,24.2,63.2
12/28/18,12:00 AM,12.3,17.2,29.6
12/29/18,12:00 AM,6.4,10.4,16.9
12/30/18,12:00 AM,6.1,13.9,20.1
12/31/18,12:00 AM,11.2,14.9,26.2
1/1/19,12:00 AM,42.1,19.8,62.1
1/2/19,12:00 AM,36.5,21.6,58.2
1/3/19,12:00 AM,53.5,27.9,81.5
1/4/19,12:00 AM,13.1,17.7,30.9
1/5/19,12:00 AM,46.2,25.1,71.5
1/6/19,12:00 AM,11.6,14.8,26.5
1/7/19,12:00 AM,26.3,23.9,50.3
1/8/19,12:00 AM,46,30.9,77
1/9/19,12:00 AM,22.9,23.8,46.8
1/10/19,12:00 AM,12.4,20.2,32.6
1/11/19,12:00 AM,113.1,32.2,145.4
1/12/19,12:00 AM,99.8,29.3,129.1
1/13/19,12:00 AM,59.2,27.3,86.6
1/14/19,12:00 AM,71.6,26.4,98
1/15/19,12:00 AM,218.1,41.1,259.3
1/16/19,12:00 AM,139.1,33.8,173
1/17/19,12:00 AM,39.3,23.4,62.8
1/18/19,12:00 AM,18.5,21.6,40.2
1/19/19,12:00 AM,10.6,15.4,26.1
1/20/19,12:00 AM,9.4,16.6,26.1
1/21/19,12:00 AM,63.2,24,87.3
1/22/19,12:00 AM,14.5,19.8,34.4
1/23/19,12:00 AM,18.4,18.2,36.7
1/24/19,12:00 AM,45.8,23.1,68.9
1/25/19,12:00 AM,24.9,18.8,43.9
1/26/19,12:00 AM,12.3,15.1,27.5
1/27/19,12:00 AM,6,12,18.1
1/28/19,12:00 AM,15.6,16.2,31.9
1/29/19,12:00 AM,32.8,27.7,60.6
1/30/19,12:00 AM,86.5,32.5,119.1
1/31/19,12:00 AM,67.2,27.9,95.2
2/1/19,12:00 AM,33.6,24,57.7
2/2/19,12:00 AM,9.7,16.8,26.7
2/3/19,12:00 AM,4.7,10.2,14.9
2/4/19,12:00 AM,1.8,6.1,7.9
2/5/19,12:00 AM,30.6,24.4,55.2
2/6/19,12:00 AM,33.6,28.8,62.5
2/7/19,12:00 AM,28.6,27.1,55.8
2/8/19,12:00 AM,20.4,24.5,44.9
2/9/19,12:00 AM,2.4,9,11.5
2/10/19,12:00 AM,7.5,15.4,23
2/11/19,12:00 AM,3.5,11.6,15.2
2/12/19,12:00 AM,4,13.6,17.8
2/13/19,12:00 AM,15.9,21.5,37.4
2/14/19,12:00 AM,50.4,33.9,84.4
2/15/19,12:00 AM,27.4,27.2,54.8
2/16/19,12:00 AM,20.3,21.2,41.5
2/17/19,12:00 AM,17.1,21.2,38.4
2/18/19,12:00 AM,13.9,18.4,32.5
2/19/19,12:00 AM,32.6,26.3,59
2/20/19,12:00 AM,10.3,14.7,25.1
2/21/19,12:00 AM,27.6,21.7,49.4
2/22/19,12:00 AM,20.4,21.6,42.1
2/23/19,12:00 AM,12.5,15.8,28.4
2/24/19,12:00 AM,3,10.6,13.7
2/25/19,12:00 AM,7.4,12.4,19.9
2/26/19,12:00 AM,3.1,9.6,12.8
2/27/19,12:00 AM,13,18.7,31.8
2/28/19,12:00 AM,28.5,28.5,57.1
3/1/19,12:00 AM,9.2,19.1,28.4
3/2/19,12:00 AM,3.8,12.1,16
3/3/19,12:00 AM,1.6,6.6,8.3
3/4/19,12:00 AM,5.3,10.3,15.7
3/5/19,12:00 AM,5.8,14.2,20.1
3/6/19,12:00 AM,12,20.2,32.3
3/7/19,12:00 AM,22.7,23.1,45.9
3/8/19,12:00 AM,41.1,31.4,72.6
3/9/19,12:00 AM,14.2,17.6,31.9
3/10/19,12:00 AM,14.4,23.5,38
3/11/19,12:00 AM,27.3,29.5,56.9
3/12/19,12:00 AM,,,
3/13/19,12:00 AM,30.1,26.3,56.4
3/14/19,12:00 AM,25.5,23.4,49.1
3/15/19,12:00 AM,29.3,24,53.5
3/16/19,12:00 AM,18,21.6,39.7
3/17/19,12:00 AM,6.6,14.9,21.6
3/18/19,12:00 AM,18.2,19.9,38.1
3/19/19,12:00 AM,37.7,25,62.8
3/20/19,12:00 AM,53.6,28.6,82.4
3/21/19,12:00 AM,20.9,23.5,44.5
3/22/19,12:00 AM,33.6,25.9,59.6
3/23/19,12:00 AM,20.4,19.2,39.7
3/24/19,12:00 AM,12.7,17.3,30.1
3/25/19,12:00 AM,28.7,19.7,48.6
3/26/19,12:00 AM,18.9,20.7,39.7
3/27/19,12:00 AM,10.2,15.3,25.6
3/28/19,12:00 AM,28.9,28.5,57.5
3/29/19,12:00 AM,36.8,31.3,68.2
3/30/19,12:00 AM,11.7,17.7,29.5
3/31/19,12:00 AM,12.8,17.1,30
4/1/19,12:00 AM,10.8,16.6,27.5
4/2/19,12:00 AM,19.4,22,41.5
4/3/19,12:00 AM,14.7,15,29.8
4/4/19,12:00 AM,28.1,25.5,53.7
4/5/19,12:00 AM,8.8,13,21.9
4/6/19,12:00 AM,7.8,13,20.9
4/7/19,12:00 AM,6.8,12.2,19.1
4/8/19,12:00 AM,27.4,20.8,48.3
4/9/19,12:00 AM,11.1,13.1,24.2
4/10/19,12:00 AM,15.3,17,32.4
4/11/19,12:00 AM,12.8,16.8,29.7
4/12/19,12:00 AM,17.2,18,35.3
4/13/19,12:00 AM,7.1,10.6,17.8
4/14/19,12:00 AM,6.4,9.5,16
4/15/19,12:00 AM,15.1,19.6,34.8
4/16/19,12:00 AM,18.8,19.6,38.6
4/17/19,12:00 AM,16,16.7,32.8
4/18/19,12:00 AM,15.6,15.2,30.9
4/19/19,12:00 AM,15.3,15.6,31
4/20/19,12:00 AM,7.8,13.3,21.2
4/21/19,12:00 AM,8,14,22
4/22/19,12:00 AM,16.1,18.7,34.9
4/23/19,12:00 AM,19.2,14.8,34.1
4/24/19,12:00 AM,17,15.8,32.9
4/25/19,12:00 AM,12.7,15.8,28.6
4/26/19,12:00 AM,17.4,16.7,34.1
4/27/19,12:00 AM,6.2,9.4,15.7
4/28/19,12:00 AM,6.7,9.9,16.7
4/29/19,12:00 AM,8.9,9.8,18.7
4/30/19,12:00 AM,11.9,15.2,27.1
5/1/19,12:00 AM,13.9,16.3,30.3
5/2/19,12:00 AM,15.9,17.5,33.4
5/3/19,12:00 AM,27.2,21.8,49.1
5/4/19,12:00 AM,14.1,16,30.2
5/5/19,12:00 AM,10.7,13.7,24.5
5/6/19,12:00 AM,24.3,19.6,43.9
5/7/19,12:00 AM,29.3,20.2,49.6
5/8/19,12:00 AM,33.1,21.9,55.1
5/9/19,12:00 AM,16.1,17.6,33.7
5/10/19,12:00 AM,52.3,36.1,88.4
5/11/19,12:00 AM,42.5,30.8,73.4
5/12/19,12:00 AM,13.2,15.1,28.5
5/13/19,12:00 AM,21,22.2,43.3
5/14/19,12:00 AM,18.3,19.3,37.7
5/15/19,12:00 AM,22.9,23,45.9
5/16/19,12:00 AM,33.6,21.2,55
5/17/19,12:00 AM,18.2,16.4,34.8
5/18/19,12:00 AM,17.5,16.5,34.1
5/19/19,12:00 AM,13.7,18.6,32.3
5/20/19,12:00 AM,13.5,16.1,29.7
5/21/19,12:00 AM,8.3,12.9,21.3
5/22/19,12:00 AM,35.2,22.7,58
5/23/19,12:00 AM,42.7,29.3,72.1
5/24/19,12:00 AM,16.1,15.4,31.6
5/25/19,12:00 AM,11.2,13.3,24.6
5/26/19,12:00 AM,22.6,15.5,38.2
5/27/19,12:00 AM,23.9,15.7,39.7
5/28/19,12:00 AM,22,18.8,40.8
5/29/19,12:00 AM,33,24.7,57.8
5/30/19,12:00 AM,50.3,29,79.4
5/31/19,12:00 AM,53.1,29.4,82.6
6/1/19,12:00 AM,25.8,17.6,43.5
6/2/19,12:00 AM,14.7,14.2,29
6/3/19,12:00 AM,,,
6/4/19,12:00 AM,18,18.7,36.8
6/5/19,12:00 AM,22,17.5,39.6
6/6/19,12:00 AM,18.8,16,34.9
6/7/19,12:00 AM,19.5,15.5,35.2
6/8/19,12:00 AM,11.6,10.1,21.8
6/9/19,12:00 AM,8.3,9.1,17.5
6/10/19,12:00 AM,15.6,11.2,26.9
6/11/19,12:00 AM,11.2,13.8,25.1
6/12/19,12:00 AM,43.9,36.1,80
6/13/19,12:00 AM,21.5,18.6,40.2
6/14/19,12:00 AM,24.4,16.2,40.7
6/15/19,12:00 AM,26.2,19.4,45.7
6/16/19,12:00 AM,16.6,12.5,29.2
6/17/19,12:00 AM,34.5,20.3,54.9
6/18/19,12:00 AM,14.6,10.1,24.8
6/19/19,12:00 AM,12.2,10.7,22.9
6/20/19,12:00 AM,19.8,13.2,33.1
6/21/19,12:00 AM,19.7,13.9,33.7
6/22/19,12:00 AM,14.5,11.7,26.3
6/23/19,12:00 AM,6.8,8.6,15.5
6/24/19,12:00 AM,13.6,12.5,26.1
6/25/19,12:00 AM,22.9,17.3,40.2
6/26/19,12:00 AM,22,18.7,40.7
6/27/19,12:00 AM,16.4,15,31.5
6/28/19,12:00 AM,19.5,16,35.6
6/29/19,12:00 AM,17.8,13.5,31.4
6/30/19,12:00 AM,16,13,29.2
7/1/19,12:00 AM,35,20.6,55.6
7/2/19,12:00 AM,28.8,20,49
7/3/19,12:00 AM,44.7,20.2,65
7/4/19,12:00 AM,18.2,16.8,35.1
7/5/19,12:00 AM,21.3,14.8,36.3
7/6/19,12:00 AM,16.3,12,28.4
7/7/19,12:00 AM,8,9.6,17.7
7/8/19,12:00 AM,41.7,23,64.8
7/9/19,12:00 AM,43.5,23.8,67.4
7/10/19,12:00 AM,26.3,13.7,40.1
7/11/19,12:00 AM,34.5,19.6,54.1
7/12/19,12:00 AM,38.4,16.6,55.1
7/13/19,12:00 AM,18.1,10.3,28.5
7/14/19,12:00 AM,14.9,12.1,27.1
7/15/19,12:00 AM,27,18.5,45.6
7/16/19,12:00 AM,47.3,22,69.4
7/17/19,12:00 AM,17.4,11.7,29.2
7/18/19,12:00 AM,8,8.4,16.4
7/19/19,12:00 AM,17.8,11.3,29.2
7/20/19,12:00 AM,10.9,12.2,23.1
7/21/19,12:00 AM,19.7,19.3,39.1
7/22/19,12:00 AM,21.1,15.1,36.2
7/23/19,12:00 AM,24.6,12.9,37.6
7/24/19,12:00 AM,17.1,13.5,30.6
7/25/19,12:00 AM,18.2,13.5,31.9
7/26/19,12:00 AM,36.2,15.1,51.4
7/27/19,12:00 AM,8.1,7.5,15.6
7/28/19,12:00 AM,6.5,7.5,14.1
7/29/19,12:00 AM,39,20.1,59.2
7/30/19,12:00 AM,23.7,19.4,43.2
7/31/19,12:00 AM,32.1,22.3,54.5
8/1/19,12:00 AM,16.1,13,29.2
8/2/19,12:00 AM,18.7,12.9,31.7
8/3/19,12:00 AM,6.1,10.1,16.4
8/4/19,12:00 AM,14,16.5,30.6
8/5/19,12:00 AM,36.1,29.9,66.1
8/6/19,12:00 AM,35.3,24.9,60.2
8/7/19,12:00 AM,33.9,19.1,53
8/8/19,12:00 AM,22.9,19.3,42.3
8/9/19,12:00 AM,29.4,21.9,51.4
8/10/19,12:00 AM,28.1,17.9,46.1
8/11/19,12:00 AM,8.4,9.2,17.8
8/12/19,12:00 AM,21.7,17.5,39.3
8/13/19,12:00 AM,37.1,17.3,54.4
8/14/19,12:00 AM,27.7,22,49.8
8/15/19,12:00 AM,33.4,17.3,50.8
8/16/19,12:00 AM,19.8,15.4,35.3
8/17/19,12:00 AM,18.6,14.9,33.6
8/18/19,12:00 AM,13.8,12.6,26.5
8/19/19,12:00 AM,15.5,12.4,28
8/20/19,12:00 AM,36.1,22.1,58.2
8/21/19,12:00 AM,20.4,16.9,37.4
8/22/19,12:00 AM,35.5,22.7,58.4
8/23/19,12:00 AM,26.9,18.8,45.8
8/24/19,12:00 AM,13.6,10.1,23.8
8/25/19,12:00 AM,11.3,12.4,23.8
8/26/19,12:00 AM,8.7,10.5,19.2
8/27/19,12:00 AM,9.1,12.8,22
8/28/19,12:00 AM,29.4,22,51.5
8/29/19,12:00 AM,24.7,21.5,46.3
8/30/19,12:00 AM,17.6,17.8,35.5
8/31/19,12:00 AM,25.1,18.5,43.7
9/1/19,12:00 AM,8.4,11.2,19.7
9/2/19,12:00 AM,16.1,14.5,30.7
9/3/19,12:00 AM,46.2,25.4,71.7
9/4/19,12:00 AM,28.2,18.3,46.6
9/5/19,12:00 AM,20.1,20.2,40.4
9/6/19,12:00 AM,32.7,21.6,54.4
9/7/19,12:00 AM,30.7,17.9,48.7
9/8/19,12:00 AM,10,10.1,20.2
9/9/19,12:00 AM,21.2,17,38.4
9/10/19,12:00 AM,34,19.8,53.5
9/11/19,12:00 AM,29.3,20.2,49
9/12/19,12:00 AM,17.7,15.2,33.1
9/13/19,12:00 AM,16.4,14,30.5
9/14/19,12:00 AM,9.7,12.6,22.3
9/15/19,12:00 AM,5.9,9.3,15.3
9/16/19,12:00 AM,27.3,15.3,42.7
9/17/19,12:00 AM,7.7,10.2,18
9/18/19,12:00 AM,,,
9/19/19,12:00 AM,54.4,22.4,76.9
9/20/19,12:00 AM,31,17.5,48.6
9/21/19,12:00 AM,21,14.1,35.3
9/22/19,12:00 AM,11.1,11.1,22.3
9/23/19,12:00 AM,15,15,30.2
9/24/19,12:00 AM,22,15.9,37.9
9/25/19,12:00 AM,23,17.3,40.4
9/26/19,12:00 AM,23.3,18.2,41.7
9/27/19,12:00 AM,15.6,13.2,28.8
9/28/19,12:00 AM,5.3,7.6,13
9/29/19,12:00 AM,5.7,9.4,15.2
9/30/19,12:00 AM,10.1,12,22.1
10/1/19,12:00 AM,23.9,18,42
10/2/19,12:00 AM,42.1,24.8,67
10/3/19,12:00 AM,,,
10/4/19,12:00 AM,12.7,15.5,28.3
10/5/19,12:00 AM,16,15.9,32.1
10/6/19,12:00 AM,,,
10/7/19,12:00 AM,,,
10/8/19,12:00 AM,13.5,13.8,27.4
10/9/19,12:00 AM,11.1,12.6,23.8
10/10/19,12:00 AM,12.3,13.7,26.1
10/11/19,12:00 AM,37.5,26.7,64.3
10/12/19,12:00 AM,23.2,21.3,44.6
10/13/19,12:00 AM,16.4,19.5,36
10/14/19,12:00 AM,27.6,25,52.7
10/15/19,12:00 AM,39.3,22.8,62.2
10/16/19,12:00 AM,33.6,24.5,58.2
10/17/19,12:00 AM,13.4,16.8,30.4
10/18/19,12:00 AM,15.8,19.4,35.2
10/19/19,12:00 AM,5.6,12.2,17.9
10/20/19,12:00 AM,5.7,11.3,17.1
10/21/19,12:00 AM,15.3,18,33.4
10/22/19,12:00 AM,5.5,13.6,19.2
10/23/19,12:00 AM,11.1,14.5,25.7
10/24/19,12:00 AM,66.6,21.6,88.3
10/25/19,12:00 AM,32.2,18.4,50.6
10/26/19,12:00 AM,16.3,13.6,29.9
10/27/19,12:00 AM,9,11.6,20.8
10/28/19,12:00 AM,24.2,16.2,40.5
10/29/19,12:00 AM,11.7,18.2,30
10/30/19,12:00 AM,12.2,19.3,31.6
10/31/19,12:00 AM,42,27.6,69.7
11/1/19,12:00 AM,14.7,18.7,33.5
11/2/19,12:00 AM,19.2,19.9,39.2
11/3/19,12:00 AM,15.8,15.7,31.6
11/4/19,12:00 AM,17.7,17,34.8
11/5/19,12:00 AM,20.4,14.7,35.1
11/6/19,12:00 AM,15.5,15.1,30.7
11/7/19,12:00 AM,65.5,20.7,86.3
11/8/19,12:00 AM,63,21.3,84.5
11/9/19,12:00 AM,6.4,14.5,20.9
11/10/19,12:00 AM,10.4,12.9,23.4
11/11/19,12:00 AM,48.3,18.8,67.2
11/12/19,12:00 AM,27.7,18.1,45.9
11/13/19,12:00 AM,14.4,14.1,28.6
11/14/19,12:00 AM,61.2,21.2,82.6
11/15/19,12:00 AM,20.9,20.1,41.1
11/16/19,12:00 AM,14,16.8,30.9
11/17/19,12:00 AM,10.3,14.2,24.6
11/18/19,12:00 AM,17,15.9,33
11/19/19,12:00 AM,9.2,16.6,25.9
11/20/19,12:00 AM,7.5,14.3,21.9
11/21/19,12:00 AM,67.4,19.3,86.8
11/22/19,12:00 AM,72.7,20.4,93.2
11/23/19,12:00 AM,34.8,15,49.9
11/24/19,12:00 AM,8.5,15.8,24.4
11/25/19,12:00 AM,7.3,17.1,24.5
11/26/19,12:00 AM,4.4,11.9,16.5
11/27/19,12:00 AM,4.5,12.1,16.8
11/28/19,12:00 AM,2.2,10,12.3
11/29/19,12:00 AM,10.2,16.6,26.9
11/30/19,12:00 AM,19.5,16.2,35.8
12/1/19,12:00 AM,14.2,18.3,32.6
12/2/19,12:00 AM,71,27.3,98.4
12/3/19,12:00 AM,30.1,22.5,52.7
12/4/19,12:00 AM,28.6,19.5,48.1
12/5/19,12:00 AM,44.7,17.5,62.3
12/6/19,12:00 AM,76.9,21.4,98.4
12/7/19,12:00 AM,13.2,15.1,28.4
12/8/19,12:00 AM,10.3,13.3,23.7
12/9/19,12:00 AM,6.8,13,19.9
12/10/19,12:00 AM,21.6,16.3,38
12/11/19,12:00 AM,16.9,18.2,35.2
12/12/19,12:00 AM,16.2,21.3,37.6
12/13/19,12:00 AM,24.7,24.2,49
12/14/19,12:00 AM,11.3,19.4,30.8
12/15/19,12:00 AM,11.4,18.7,30.2
12/16/19,12:00 AM,20.8,22.3,43.2
12/17/19,12:00 AM,91.3,31.3,122.7
12/18/19,12:00 AM,81.3,29.3,110.7
12/19/19,12:00 AM,10.4,17.5,28
12/20/19,12:00 AM,29.3,32.5,61.9
12/21/19,12:00 AM,2.8,12.4,15.2
12/22/19,12:00 AM,3,12.1,15.2
12/23/19,12:00 AM,9.8,17.8,27.8
12/24/19,12:00 AM,31.1,21.6,52.8
12/25/19,12:00 AM,8.9,14.3,23.4
12/26/19,12:00 AM,35.6,18.5,54.2
12/27/19,12:00 AM,28.2,20,48.3
12/28/19,12:00 AM,25.4,18.5,44
12/29/19,12:00 AM,24.5,16.9,41.5
12/30/19,12:00 AM,11.1,14.5,25.7
12/31/19,12:00 AM,14,15.3,29.4
1/1/20,12:00 AM,6.8,14.1,21
1/2/20,12:00 AM,13.2,18.3,31.6
1/3/20,12:00 AM,34.3,23.1,57.5
1/4/20,12:00 AM,6.9,12.2,19.2
1/5/20,12:00 AM,5.1,9.5,14.6
1/6/20,12:00 AM,,,
1/7/20,12:00 AM,12.2,16.6,28.8
1/8/20,12:00 AM,23,24.3,47.4
1/9/20,12:00 AM,13.8,21.6,35.4
1/10/20,12:00 AM,5.9,13.7,19.7
1/11/20,12:00 AM,11.9,16.7,28.7
1/12/20,12:00 AM,5.9,10.7,16.7
1/13/20,12:00 AM,18.1,19,37.2
1/14/20,12:00 AM,4.6,12.5,17.2
1/15/20,12:00 AM,3.1,8.6,11.8
1/16/20,12:00 AM,11.8,17.7,29.6
1/17/20,12:00 AM,15.2,20.4,35.7
1/18/20,12:00 AM,7.1,11.9,19.1
1/19/20,12:00 AM,29,22.6,51.8
1/20/20,12:00 AM,,,
1/21/20,12:00 AM,13.2,21.3,34.6
1/22/20,12:00 AM,9.3,19.6,29.1
1/23/20,12:00 AM,15,20.1,35.2
1/24/20,12:00 AM,17.1,22.5,39.7
1/25/20,12:00 AM,10.2,16.7,27
1/26/20,12:00 AM,5.7,10.9,16.8
1/27/20,12:00 AM,10.8,17.5,28.4
1/28/20,12:00 AM,18.2,21.1,39.4
1/29/20,12:00 AM,14.8,20.8,35.7
1/30/20,12:00 AM,21,18.4,39.4
1/31/20,12:00 AM,13.7,15.7,29.5
2/1/20,12:00 AM,4.6,9,13.7
2/2/20,12:00 AM,8.5,15.6,24.2
2/3/20,12:00 AM,8.9,16.4,25.4
2/4/20,12:00 AM,12.6,20.5,33.3
2/5/20,12:00 AM,29.9,28.5,58.6
2/6/20,12:00 AM,24.9,24.7,49.6
2/7/20,12:00 AM,14.4,17.6,32.1
2/8/20,12:00 AM,5.9,10.4,16.4
2/9/20,12:00 AM,12.5,17.1,29.7
2/10/20,12:00 AM,24.7,19.8,44.7
2/11/20,12:00 AM,18,19.2,37.3
2/12/20,12:00 AM,31.8,25.2,57.1
2/13/20,12:00 AM,23.2,18.6,41.9
2/14/20,12:00 AM,19,18.3,37.5
2/15/20,12:00 AM,6.8,11,17.9
2/16/20,12:00 AM,7.2,12.2,19.5
2/17/20,12:00 AM,16.4,17.8,34.3
2/18/20,12:00 AM,8.6,15.7,24.4
2/19/20,12:00 AM,29,27.4,56.4
2/20/20,12:00 AM,72.5,38.4,111.1
2/21/20,12:00 AM,40.4,28.6,69.1
2/22/20,12:00 AM,14.4,18.9,33.5
2/23/20,12:00 AM,5.1,9.7,14.9
2/24/20,12:00 AM,15.3,18.4,33.8
2/25/20,12:00 AM,30.9,28,59
2/26/20,12:00 AM,28.7,24.3,53.1
2/27/20,12:00 AM,27.1,21,48.2
2/28/20,12:00 AM,23.1,17.3,40.5
2/29/20,12:00 AM,7.7,11.9,19.8
3/1/20,12:00 AM,12.4,17,29.5
3/2/20,12:00 AM,13.5,17.3,30.9
3/3/20,12:00 AM,18.9,15.9,34.9
3/4/20,12:00 AM,12.5,20.4,33
3/5/20,12:00 AM,21.6,20.3,42
3/6/20,12:00 AM,18.4,23.8,42.3
3/7/20,12:00 AM,12,17.2,29.3
3/8/20,12:00 AM,6.2,14.2,20.6
3/9/20,12:00 AM,19.6,21.1,40.8
3/10/20,12:00 AM,17.7,19.8,37.6
3/11/20,12:00 AM,12,15.6,27.8
3/12/20,12:00 AM,20,20.1,40.2
3/13/20,12:00 AM,5.3,11.3,16.7
3/14/20,12:00 AM,4.8,7.8,12.7
3/15/20,12:00 AM,3.6,8,11.6
3/16/20,12:00 AM,,,
3/17/20,12:00 AM,39.1,27.9,67.1
3/18/20,12:00 AM,31.7,27.2,59
3/19/20,12:00 AM,34.8,29.9,64.9
3/20/20,12:00 AM,29,23.3,52.4
3/21/20,12:00 AM,20,23.5,43.5
3/22/20,12:00 AM,9.3,13.6,23
3/23/20,12:00 AM,12.2,15.8,28
3/24/20,12:00 AM,14.5,15.7,30.3
3/25/20,12:00 AM,16.3,18.5,34.9
3/26/20,12:00 AM,12,16.3,28.4
3/27/20,12:00 AM,9.1,15.2,24.4
3/28/20,12:00 AM,3.1,7.8,11
3/29/20,12:00 AM,3.8,7.9,11.8
3/30/20,12:00 AM,9.3,13.6,23
3/31/20,12:00 AM,12.5,14.2,26.8
4/1/20,12:00 AM,11.1,14.6,25.9
4/2/20,12:00 AM,9.3,13.3,22.7
4/3/20,12:00 AM,8,10.2,18.4
4/4/20,12:00 AM,4.3,9.3,13.8
4/5/20,12:00 AM,2.7,6.7,9.5
4/6/20,12:00 AM,,,
Minimum,,1.6,6.1,7.9
MinDate,,3-Mar,4-Feb,4-Feb
MinTime,,12:00,12:00,12:00
Maximum,,218.1,59.2,259.3
MaxDate,,15-Jan,22-Aug,15-Jan
MaxTime,,12:00,12:00,12:00
Avg,,23.4,18.8,42.3
Num,,804,804,804
Data[%],,97,97,97
STD,,19.4,6.4,24.4