Report Type : StationReport,,,,,,,,,,,
Date,Time,Wind Spd S,Wind Dir S,Temp Amb 10m,NO,NO2,NOX,WAQA_CO,BC_633,UV_633,BAM_PM25
,,MPH,Deg,DegF,ppb,ppb,ppb,ppm,ug/m^3 (s),ug/m^3 (s),ug/m^3
1/1/18,12:00 AM,2.9,29.8,36.6,,,,0.366,0.7,1.6,9.7
1/2/18,12:00 AM,2.6,30.5,39.3,,,,0.496,1.2,1.9,8
1/3/18,12:00 AM,2.2,39,40.9,,,,0.588,1.4,2.3,9.7
1/4/18,12:00 AM,1.9,133.9,42.9,,,,1.043,4.7,6.6,21
1/5/18,12:00 AM,2.9,139.6,47.1,,,,0.652,2.8,3.8,10.9
1/6/18,12:00 AM,4.4,177.9,44.6,15.2,19.5,34.8,0.425,0.8,1,5
1/7/18,12:00 AM,2.8,121.9,43.1,7.9,18,26,0.392,0.7,1.3,7.1
1/8/18,12:00 AM,2.1,143.7,45.9,51.4,23.3,74.8,0.623,2.2,2.7,8.2
1/9/18,12:00 AM,3.3,122.6,44.2,22.2,19.9,42.2,0.387,1,1.3,4.6
1/10/18,12:00 AM,4.7,176.1,43.1,32.1,28.1,60.3,0.463,1.6,1.9,5.4
1/11/18,12:00 AM,5.4,137.4,45.9,13.4,19.6,33.1,0.378,0.8,1,3.4
1/12/18,12:00 AM,7.7,197.1,49.9,23.7,24.5,48.2,0.416,1.3,1.4,4.6
1/13/18,12:00 AM,2.9,52.7,49.7,6.6,14.5,21.3,0.358,0.5,0.8,5.5
1/14/18,12:00 AM,2.2,242.6,46.8,63.2,19.5,82.7,0.693,1.6,2.3,9.6
1/15/18,12:00 AM,2.4,148.2,50.2,99.2,25.2,124.4,0.856,3.4,4.7,13.8
1/16/18,12:00 AM,5.2,164.2,50.1,24.8,25.1,50,0.47,1.4,1.9,6.4
1/17/18,12:00 AM,4.1,152.6,49.9,56.3,30.1,86.5,0.594,2.4,2.9,8
1/18/18,12:00 AM,6.5,179.6,44.5,11.8,19.8,31.7,0.324,1,1.1,4.7
1/19/18,12:00 AM,7.1,167.9,43.6,17.1,21.9,39.2,0.4,1,1.3,4.3
1/20/18,12:00 AM,7.5,172.8,44.1,7.1,12.5,19.6,0.332,0.4,0.6,2.2
1/21/18,12:00 AM,10.1,179.7,46.9,5,8.9,14,0.281,0.2,0.3,0.9
1/22/18,12:00 AM,7.1,176.1,43.4,19.1,23.8,42.9,0.418,1.1,1.4,5
1/23/18,12:00 AM,2.7,113.5,42.6,27.8,23.8,51.6,0.443,1.1,1.4,3.3
1/24/18,12:00 AM,5.4,150.3,45.4,10,20.9,31,0.346,0.6,0.7,1.9
1/25/18,12:00 AM,5.7,161.1,40.5,18.4,21.1,39.6,0.37,0.9,1,4.1
1/26/18,12:00 AM,8,172.3,40.3,16.8,21.2,38.1,0.356,0.9,1,3.4
1/27/18,12:00 AM,7.7,161.3,44.8,7.2,11.2,18.5,0.331,0.4,0.5,3.2
1/28/18,12:00 AM,3.9,127.6,49,5.9,13.9,19.9,0.346,0.5,0.8,3.2
1/29/18,12:00 AM,5.5,170.8,47.9,29.2,22.1,51.4,0.437,1.5,1.7,4.5
1/30/18,12:00 AM,7.6,202.4,44.4,24.5,26,50.6,0.409,1.1,1.3,6.5
1/31/18,12:00 AM,6.3,184.3,43,25.7,25.7,51.6,0.458,1.7,1.7,5.5
2/1/18,12:00 AM,3.6,143.3,44.4,13.2,21.4,34.7,0.394,0.9,1.3,4.2
2/2/18,12:00 AM,7.7,200.9,50.2,26.8,20.5,47.4,0.389,1.2,1.5,3.5
2/3/18,12:00 AM,7.2,195.7,49.5,14.8,14.6,29.5,0.351,0.8,0.9,2.2
2/4/18,12:00 AM,8.5,204.6,51.7,12.4,13.6,26.1,0.3,0.3,0.4,1.1
2/5/18,12:00 AM,6.7,204.7,47.9,26.6,26.4,53.1,0.416,1.3,1.4,3.6
2/6/18,12:00 AM,4.8,187.8,46.7,22.7,22.9,45.6,0.419,1.4,1.8,3.5
2/7/18,12:00 AM,4.8,184.7,50.4,37.8,23.9,61.7,0.529,1.8,2.2,6.4
2/8/18,12:00 AM,7.4,198.5,49.3,24,17.8,41.9,0.373,1.2,1.4,4.8
2/9/18,12:00 AM,3.4,118.7,43.6,22.6,20.5,43.2,0.424,1.2,1.5,5.3
2/10/18,12:00 AM,3.3,25.3,39.1,9.9,16.4,26.4,0.395,0.7,1.2,6.1
2/11/18,12:00 AM,3.7,21.8,39.2,6.9,12.3,19.2,0.364,0.6,1.2,8.5
2/12/18,12:00 AM,4.2,13.2,38.6,9.1,18.8,28,0.377,0.5,0.8,3.3
2/13/18,12:00 AM,2.9,123.8,38.3,38.4,31.9,70.4,0.611,1.8,2.7,10.6
2/14/18,12:00 AM,4.5,167.9,39.6,30.4,27.7,58.1,0.478,1.4,1.7,6.2
2/15/18,12:00 AM,4.2,171.7,41.2,29.9,26.6,56.7,0.519,1.5,1.9,8.6
2/16/18,12:00 AM,7.9,199.3,44.3,23,25,48.1,0.411,1.2,1.5,4.7
2/17/18,12:00 AM,11.8,205.9,45.1,8.8,13.6,22.5,0.287,0.3,0.4,
2/18/18,12:00 AM,7.3,300.3,34.9,5.6,10.2,15.9,0.308,0.2,0.3,
2/19/18,12:00 AM,4.4,5,32.1,10.1,15.2,25.4,0.37,0.5,0.7,
2/20/18,12:00 AM,2.9,56,31.9,18.9,23,42,0.419,1,1.4,
2/21/18,12:00 AM,3.3,117.7,30.5,21.6,22.9,44.6,0.448,0.9,1.2,7
2/22/18,12:00 AM,4.4,2.4,32.6,9.4,14.4,23.9,0.346,0.4,0.6,
2/23/18,12:00 AM,5.3,145.6,31.3,13.7,23.1,36.9,0.402,1.9,2.3,6
2/24/18,12:00 AM,6.1,192.7,39.7,10.8,17.1,28,0.366,0.5,0.7,4.9
2/25/18,12:00 AM,8.5,179.3,39.8,6.5,11.3,17.9,0.301,0.3,0.3,3.5
2/26/18,12:00 AM,3.5,178.1,38.7,33.5,29.1,62.8,0.536,1.5,1.8,6.1
2/27/18,12:00 AM,6.4,163.7,40.6,12.6,18.5,31.2,0.348,0.9,1,5.7
2/28/18,12:00 AM,4,140.1,42.1,14.6,19.8,34.5,0.385,0.9,1.1,5.1
3/1/18,12:00 AM,3.8,120,43.7,15.9,25.2,41.1,0.439,1.1,1.3,6.4
3/2/18,12:00 AM,3.9,155.6,41,23.4,23.9,47.4,0.429,1.1,1.3,6.3
3/3/18,12:00 AM,3.9,18.9,41.6,7,15.6,22.6,0.386,0.5,0.8,5.6
3/4/18,12:00 AM,3.7,144.3,40,13.7,19.5,33.3,0.47,0.9,1.6,9.3
3/5/18,12:00 AM,3.6,191.5,42.6,24.9,26.9,51.9,0.458,1.2,1.5,5.6
3/6/18,12:00 AM,4,21.3,43.8,8.9,14.5,23.6,0.348,0.5,0.8,4.3
3/7/18,12:00 AM,4,358.4,42.3,21.7,23.5,45.3,0.482,0.9,1.2,5.1
3/8/18,12:00 AM,6.7,144.3,45.5,24,24.1,48.2,0.433,1.2,1.6,7.3
3/9/18,12:00 AM,5.3,234.1,44.8,,,,,1.5,1.8,7.6
3/10/18,12:00 AM,3.2,12.2,45.5,,,,,1,1.5,8.5
3/11/18,12:00 AM,2.6,152.2,49.9,40.8,33.3,74.2,0.638,1.7,2.5,12.8
3/12/18,12:00 AM,2.7,123.7,56.9,74,29.6,103.7,0.574,3,3.8,12.1
3/13/18,12:00 AM,4.1,154.2,52.8,28.3,28.5,56.9,0.419,1.5,1.8,5.3
3/14/18,12:00 AM,5.8,174.3,47,25.3,24.2,49.6,0.462,1.2,1.4,5.1
3/15/18,12:00 AM,3.7,15.9,44.9,25.9,19.6,45.7,0.443,1.1,1.3,6.9
3/16/18,12:00 AM,3.9,10.3,47.4,15,18.3,33.4,0.43,0.7,0.9,6.5
3/17/18,12:00 AM,5,182.1,45.6,16.7,19.6,36.4,0.476,0.9,1.3,8.7
3/18/18,12:00 AM,3.3,195.9,47,13.3,18.2,31.6,0.441,0.7,0.9,4.7
3/19/18,12:00 AM,2.9,44.1,45.8,28.7,24.1,53,0.489,1.4,1.8,8.8
3/20/18,12:00 AM,3.5,10.9,45.2,15.4,17.2,32.7,0.384,0.7,0.9,6.5
3/21/18,12:00 AM,2.3,155.1,47,58.9,36,95,0.688,2.2,2.8,12.4
3/22/18,12:00 AM,6.5,185.6,43.8,26.5,28.2,54.8,0.433,1.4,1.7,6.3
3/23/18,12:00 AM,5.3,175.7,41,15.4,21,36.5,0.41,0.9,1,2.7
3/24/18,12:00 AM,4.8,225,42,17.1,19.9,37.1,0.456,0.7,0.9,5.1
3/25/18,12:00 AM,5.8,173.5,43.3,11.5,15.7,27.3,0.41,0.7,1.1,5.8
3/26/18,12:00 AM,10.9,186.2,44.2,15.8,18.4,34.3,0.358,0.9,1,3.6
3/27/18,12:00 AM,9.9,190.7,48.8,17.4,19.4,36.9,0.364,1,1.2,3.7
3/28/18,12:00 AM,3.9,83.6,46.7,10.4,14.3,24.9,0.342,0.6,0.7,5.2
3/29/18,12:00 AM,4.6,190.6,48.9,22.9,21.3,44.3,0.445,1.2,1.4,6.2
3/30/18,12:00 AM,6,208,51,22,21.1,43.3,0.407,1.1,1.2,5.9
3/31/18,12:00 AM,3.7,327.4,49.5,14.9,18.1,33.1,0.398,0.7,0.8,7
4/1/18,12:00 AM,7.8,161.6,42.5,4.4,9.2,13.7,0.269,0.2,0.3,3.7
4/2/18,12:00 AM,6,188,43.4,17.4,20.4,37.9,0.393,0.8,0.8,4.4
4/3/18,12:00 AM,3.9,164.7,45.5,18.7,25.3,44.2,0.409,1.1,1.2,6.7
4/4/18,12:00 AM,2.5,108.2,44.4,6.5,16.9,23.5,0.335,0.6,0.7,3.4
4/5/18,12:00 AM,2.2,119.7,50.1,34.9,20.8,55.8,0.46,1.8,2.3,8.1
4/6/18,12:00 AM,2.8,113.8,56.3,28.7,20.4,49.3,0.481,1.4,1.6,5.5
4/7/18,12:00 AM,6.8,190.4,51.6,15.1,17.5,32.7,0.344,0.7,0.9,5.9
4/8/18,12:00 AM,10.1,180.8,48.1,5.6,8.1,13.8,0.278,0.2,0.3,3.1
4/9/18,12:00 AM,3.7,272.9,52.2,19.7,25.2,45,0.469,1.3,1.6,6
4/10/18,12:00 AM,6.7,207.5,53.2,22.6,25.1,47.7,0.397,1.3,1.5,7.1
4/11/18,12:00 AM,4.5,141.1,48.3,9,17.7,26.8,0.355,0.6,0.7,3.7
4/12/18,12:00 AM,7.2,191.4,45.1,21.2,20.5,41.8,0.415,1,1.2,4
4/13/18,12:00 AM,8.9,167.9,47.7,9.2,14.6,23.9,0.336,0.7,0.8,4.3
4/14/18,12:00 AM,4.1,181.4,47.9,9.7,17.4,27.2,0.412,0.7,0.8,4.2
4/15/18,12:00 AM,4.4,343.6,46.2,4.8,11,15.9,0.315,0.2,0.4,3.7
4/16/18,12:00 AM,10.2,192.5,44.8,15.9,21.2,37.2,0.344,0.9,1,4.7
4/17/18,12:00 AM,8.6,206.9,47.5,20.5,21.1,41.7,0.402,1.1,1.2,
4/18/18,12:00 AM,3.7,21.6,48.8,9.4,13.3,22.7,0.339,0.6,0.7,
4/19/18,12:00 AM,3.7,5.3,51,21.1,20,41.2,0.403,1,1.2,
4/20/18,12:00 AM,4.6,206.8,52.8,20.3,23.7,44.1,0.446,1.1,1.3,
4/21/18,12:00 AM,6.2,148.3,48.9,3.7,10.8,14.7,0.234,0.3,0.4,9.2
4/22/18,12:00 AM,4.3,21,49.6,2.3,9.2,11.6,0.26,0.2,0.4,9
4/23/18,12:00 AM,4,26.7,55.9,15,19.7,34.8,0.414,1.3,1.4,7.6
4/24/18,12:00 AM,4,6.5,62.4,22.7,24.4,47.4,0.421,1.7,2,9.2
4/25/18,12:00 AM,3.8,7.8,62.6,13.5,20.2,33.8,0.427,1.2,1.3,8.5
4/26/18,12:00 AM,3.8,333.3,65.9,17.2,25.4,42.7,0.458,1.6,1.9,10.6
4/27/18,12:00 AM,7.8,203.2,53.5,23.1,22.4,45.5,0.397,1.1,1.2,8.2
4/28/18,12:00 AM,4.6,226.4,50.2,12,15.3,27.3,0.359,1,1.1,6.4
4/29/18,12:00 AM,5.6,199.6,52.6,10,12.8,22.8,0.356,0.5,0.6,3.6
4/30/18,12:00 AM,4.8,234.1,51.5,28,26.9,55,0.468,1.4,1.6,7.2
5/1/18,12:00 AM,3.7,251.1,53.4,36.1,29.8,66,0.494,1.6,1.7,9.2
5/2/18,12:00 AM,3.3,325.4,56.6,,,,0.472,1.6,1.8,9.9
5/3/18,12:00 AM,5.1,190.6,60.4,32.1,21.1,53.3,0.477,1.8,2,11.6
5/4/18,12:00 AM,5,258.9,55.5,21.3,19.3,40.6,0.401,1.1,1.2,4.3
5/5/18,12:00 AM,3.8,355.7,58.6,9.8,15.6,25.4,0.398,0.8,1,6.8
5/6/18,12:00 AM,4.2,223.2,62.4,17.8,21.3,39.2,0.387,1.1,1.5,10.7
5/7/18,12:00 AM,4.6,242.6,59,26.3,24.3,50.6,0.438,1.5,1.6,6.5
5/8/18,12:00 AM,3.7,244.6,61.8,38,24.8,62.9,0.429,1.8,1.9,8.2
5/9/18,12:00 AM,7.6,213.1,59.1,20.5,19.6,40.1,0.361,1.2,1.2,4.2
5/10/18,12:00 AM,5.2,235.7,54.4,21.6,20.7,42.3,0.344,1.1,1.2,5.3
5/11/18,12:00 AM,3.1,14.1,57.1,15.9,17.8,33.8,0.363,1.1,1.2,5.9
5/12/18,12:00 AM,4.2,21.7,63.4,6,11.6,17.8,0.313,0.6,0.9,6.2
5/13/18,12:00 AM,2.9,301.4,68,26.6,30,56.7,0.519,1.4,1.8,11.9
5/14/18,12:00 AM,3.4,293.1,69.6,38,35.1,73.1,0.512,2.3,2.6,15.3
5/15/18,12:00 AM,6.6,211.5,60.5,22.6,18.2,41,0.377,1.3,1.4,8.3
5/16/18,12:00 AM,6.1,220.5,59.4,26.9,17.7,44.7,0.393,1.2,1.3,4.7
5/17/18,12:00 AM,4.6,222.2,58.4,25.9,19.6,45.6,0.406,1.4,1.5,5.4
5/18/18,12:00 AM,3.5,265.6,57.8,48.3,28,76.4,0.507,2,2.2,9.4
5/19/18,12:00 AM,3.5,279.4,59.3,47.8,31,78.9,0.478,1.8,2.3,14.8
5/20/18,12:00 AM,4.1,250.2,57.8,10.7,14.2,25,0.323,0.6,0.7,6.7
5/21/18,12:00 AM,4,346.5,59.5,15.9,13.9,29.9,0.335,0.9,1,6.2
5/22/18,12:00 AM,4.2,348.8,63.4,19,16.4,35.5,0.364,1.1,1.3,7.8
5/23/18,12:00 AM,3.9,279.9,64.9,33.7,28.5,62.3,0.445,1.7,1.8,10.5
5/24/18,12:00 AM,5.2,245.6,59.8,28.5,18.4,47,0.365,1.3,1.4,5.2
5/25/18,12:00 AM,4.2,15.4,57.2,11.5,12.4,23.9,0.276,0.6,0.7,6.6
5/26/18,12:00 AM,3.7,88.6,57.9,8.4,12.5,21,0.304,0.6,0.7,5.5
5/27/18,12:00 AM,4,340.9,60.1,10.6,14.1,24.9,0.323,0.5,0.7,6.6
5/28/18,12:00 AM,4.7,354.1,58.4,7.6,8.2,15.9,0.28,0.4,0.5,5.2
5/29/18,12:00 AM,3.6,93,55.3,13,13.1,26.2,0.285,0.8,0.9,6.5
5/30/18,12:00 AM,4.4,14.6,55.5,15.2,13,28.3,0.321,0.7,0.7,5.2
5/31/18,12:00 AM,3.8,185.6,55,16.6,15.8,32.4,0.403,0.9,1,4.8
6/1/18,12:00 AM,6.4,196.6,57.7,18.2,15.6,33.9,0.377,1,1.1,3.3
6/2/18,12:00 AM,3.6,323.5,63.1,16.1,18.5,34.8,0.352,0.9,1.1,6.3
6/3/18,12:00 AM,3.7,319.1,56.1,17.9,15,33.1,0.31,0.7,0.8,6.6
6/4/18,12:00 AM,4.2,41,55.4,5.4,9.3,14.8,0.238,0.4,0.4,3.6
6/5/18,12:00 AM,6.1,205.8,59,21.8,18.1,40,0.371,,,5.1
6/6/18,12:00 AM,3.6,284.8,61.7,19.7,20.5,40.3,0.389,,,5.1
6/7/18,12:00 AM,6.8,208.4,60.1,17.9,19.2,37.2,0.352,1.2,1.2,5
6/8/18,12:00 AM,4.8,211.8,57.1,20.2,23.9,44.1,0.389,1.5,1.6,7.4
6/9/18,12:00 AM,4.3,230.9,53.8,15.8,17.3,33.2,0.295,0.7,0.8,5.3
6/10/18,12:00 AM,7.3,187.8,52.6,7.7,9.3,17.1,0.271,0.3,0.4,2.3
6/11/18,12:00 AM,3.4,266.6,57.4,36.7,21.6,58.5,0.452,1.6,1.8,6.3
6/12/18,12:00 AM,3.3,325.1,59.1,28.1,21.7,49.9,0.412,1.2,1.4,6.9
6/13/18,12:00 AM,6.8,161.6,57.4,15.7,14.1,30,0.294,0.8,0.8,4.7
6/14/18,12:00 AM,4.1,212.5,58.2,19,15.2,34.2,0.331,0.8,0.9,5.1
6/15/18,12:00 AM,4.4,359.6,60.7,14.6,11.7,26.3,0.293,0.7,0.7,5.2
6/16/18,12:00 AM,4.1,13,65.5,4.5,9.9,14.5,0.255,0.4,0.4,5.9
6/17/18,12:00 AM,3.8,347.5,72.4,21.6,19.1,40.8,0.381,0.9,1.1,8.7
6/18/18,12:00 AM,4.4,233.7,73.1,31.8,25.4,57.2,0.48,1.9,2.1,13.2
6/19/18,12:00 AM,4,244.6,68.7,41.8,26.8,68.6,0.453,2,2.1,12.2
6/20/18,12:00 AM,3.9,254.2,69.8,,,,0.55,,,12.1
6/21/18,12:00 AM,6.8,217.6,62.8,23.6,14.2,38,0.354,,,6.2
6/22/18,12:00 AM,5,226.3,60.7,24.5,14,38.6,0.302,1.1,1.2,4.3
6/23/18,12:00 AM,3.5,12.4,61.3,11.9,12.9,25,0.294,0.5,0.7,5.4
6/24/18,12:00 AM,5.1,341.4,62.1,14.3,11.2,25.6,0.255,0.5,0.6,6.6
6/25/18,12:00 AM,4.7,273.3,60,17.2,15.4,33.1,0.302,0.8,0.9,4.1
6/26/18,12:00 AM,4,6.7,60.6,12.8,12.2,25.1,0.291,0.7,0.7,4.8
6/27/18,12:00 AM,4.1,279.2,59.6,27.5,17.9,45.5,0.376,1.1,1.2,6.6
6/28/18,12:00 AM,4.1,226.4,59.7,26.2,18.9,45.2,0.369,2.5,2.7,7.8
6/29/18,12:00 AM,3.7,339.3,62.8,22.3,17.9,40.3,0.357,1.2,1.4,7.8
6/30/18,12:00 AM,5.7,216.9,60.5,23.3,17.3,40.7,0.381,0.9,1,5.7
7/1/18,12:00 AM,5.5,191.7,59.8,9.8,8.5,18.4,0.247,0.3,0.4,1.8
7/2/18,12:00 AM,3.7,56.5,59.9,7.8,9.9,17.7,0.246,0.4,0.5,2.3
7/3/18,12:00 AM,4.3,277,61.8,28.4,19.3,47.8,0.4,1.3,1.4,7.2
7/4/18,12:00 AM,3.7,343,68,14.1,18.6,32.8,0.426,0.8,1,11
7/5/18,12:00 AM,4.7,232.3,69.9,30,20.8,50.8,0.414,1.5,1.6,12.8
7/6/18,12:00 AM,6.7,214.1,68.6,25.4,13.7,39.2,0.328,,,4.3
7/7/18,12:00 AM,5.6,216.8,65.1,11.8,11.3,23.2,0.296,,,3.5
7/8/18,12:00 AM,4,326,67.2,15.8,15.4,31.3,0.352,,,5.5
7/9/18,12:00 AM,5.5,218.1,63.9,28.4,20.1,48.6,0.365,,,6.4
7/10/18,12:00 AM,4,261.5,64.1,25.4,17.2,42.7,0.347,,,6
7/11/18,12:00 AM,4.5,354.1,68.1,17.9,14.7,32.6,0.363,1,1,3.2
7/12/18,12:00 AM,3.8,328.4,73,30.5,17.9,48.4,0.438,1.6,1.7,8.4
7/13/18,12:00 AM,4.2,287.6,70.5,44.1,25.8,70,0.441,2.9,3,14.9
7/14/18,12:00 AM,3.9,304.5,71.4,28.7,21.9,50.7,0.362,1.2,1.4,9.9
7/15/18,12:00 AM,3.8,324.7,76.1,26.1,22.5,48.6,0.387,1.1,1.4,9.9
7/16/18,12:00 AM,3.7,272.3,74.4,56.8,35.6,92.5,0.542,2.2,2.4,12.7
7/17/18,12:00 AM,5.5,226.9,71.5,33,23.3,56.3,0.426,1.6,1.7,10.9
7/18/18,12:00 AM,5.1,255.1,65.6,32.8,15.9,48.8,0.389,1.3,1.4,6.1
7/19/18,12:00 AM,4.7,237.8,61.8,30.2,17.6,47.9,0.388,1.3,1.4,6.2
7/20/18,12:00 AM,4.3,306.7,63.3,22.5,14.9,37.5,0.356,1.1,1.2,7.5
7/21/18,12:00 AM,4.1,323.1,65.2,22.9,13.9,36.9,0.352,0.8,0.9,6.3
7/22/18,12:00 AM,3.8,353,71.1,14.4,14.6,29.1,0.334,0.6,0.7,7.2
7/23/18,12:00 AM,4,308.8,73.6,48.8,22.7,71.6,0.467,2.1,2.1,9.5
7/24/18,12:00 AM,3.7,293,71.8,42.8,25.3,68.2,0.475,2.8,3.1,11
7/25/18,12:00 AM,3.1,262,73.6,58.9,37.5,96.5,0.635,3.1,3.3,14.7
7/26/18,12:00 AM,3.3,262.3,73.7,54.1,39.2,93.4,0.553,2.7,2.9,13.7
7/27/18,12:00 AM,3.8,254.1,70.7,46.8,29.9,76.8,0.499,2.1,2.3,10.7
7/28/18,12:00 AM,4.1,241.5,69.2,31.5,23.2,54.8,0.446,1.3,1.5,9.4
7/29/18,12:00 AM,3.6,264.2,73,41.1,30.2,71.4,0.529,1.7,1.9,14.4
7/30/18,12:00 AM,3.4,263,73.1,56.6,38.3,94.9,0.568,3,3.3,17.3
7/31/18,12:00 AM,6.4,220.2,67,23.1,14.2,37.5,0.393,1.6,1.8,9.4
8/1/18,12:00 AM,5.5,225,64.6,30.5,15.2,45.8,0.402,1.3,1.4,5.8
8/2/18,12:00 AM,6.7,201.1,62.4,27,12.2,39.3,0.348,1.3,1.3,3.7
8/3/18,12:00 AM,4.1,278.5,63.9,35.1,15.8,51,0.385,1.6,1.6,5.4
8/4/18,12:00 AM,3.8,313.7,65.4,22.6,16.1,38.8,0.375,1,1.1,6.1
8/5/18,12:00 AM,3.5,271,68.6,49.9,25,75,0.427,1.4,1.7,10
8/6/18,12:00 AM,3.8,299.7,70.4,46.6,20.4,67.2,0.443,1.8,2,7.7
8/7/18,12:00 AM,3.6,300.3,74.1,47.7,26.3,74.2,0.474,2.1,2.3,9.7
8/8/18,12:00 AM,3.2,271.9,74.9,73.8,40.1,114,0.643,3.3,3.5,15.1
8/9/18,12:00 AM,4,254.9,74.4,38.4,28.6,67.1,0.51,2,2.2,13.5
8/10/18,12:00 AM,5.7,220.7,71.4,55.9,19.7,75.7,0.456,2.1,2.2,10.2
8/11/18,12:00 AM,7.9,203.2,66.1,18.4,12.5,31,0.252,0.8,0.9,4.5
8/12/18,12:00 AM,4.3,279.5,64.3,21.4,14.8,36.2,,2,2.1,7.5
8/13/18,12:00 AM,3.7,9.1,66.8,16,14.3,30.4,0.413,1.3,1.7,19.8
8/14/18,12:00 AM,2.9,276.6,70.6,,,,,4.1,5.6,59
8/15/18,12:00 AM,2.8,256.3,70,87.2,50.2,137.5,0.905,5.2,6.6,55.5
8/16/18,12:00 AM,3.8,244.4,63.2,45.5,25.5,71.1,,2.4,2.7,21
8/17/18,12:00 AM,4.5,237.3,63.4,39.5,27.6,67.2,0.538,1.8,2,16
8/18/18,12:00 AM,3.5,270.8,65.4,39.5,28.5,68.1,,1.5,2.1,23.2
8/19/18,12:00 AM,3.3,260.8,66.1,36.3,29.5,65.9,0.597,2.2,3.8,35.5
8/20/18,12:00 AM,3.2,335.6,68.7,37.1,26.2,63.5,,3.7,6.7,66.6
8/21/18,12:00 AM,2.5,244.9,73.5,91.1,57.3,148.5,1.337,,,102.2
8/22/18,12:00 AM,3.3,245.1,70.2,70.7,59.2,129.9,1.112,6,9.4,95.6
8/23/18,12:00 AM,6.6,206.8,62.8,23.7,16.3,40.1,0.499,1.3,2.3,29.9
8/24/18,12:00 AM,5.2,204.2,61.8,25.1,19.7,44.9,0.642,1.4,2.8,39.4
8/25/18,12:00 AM,3.9,221.2,58.8,16.3,16.9,33.3,0.604,1,2.2,41.2
8/26/18,12:00 AM,4.6,212.8,59.6,13.7,14.5,28.3,0.461,0.8,1.1,17.3
8/27/18,12:00 AM,3.5,355.9,63.9,17.2,19,36.3,0.501,0.9,1.1,11.6
8/28/18,12:00 AM,2.7,290.9,66.7,,,,0.717,2.1,2.5,15.4
8/29/18,12:00 AM,3.7,333.9,65.3,35.2,19.8,55,0.513,1.5,1.9,12.7
8/30/18,12:00 AM,4.3,225.9,65.3,35.7,17,52.8,0.489,1.4,1.6,5.2
8/31/18,12:00 AM,3.9,252.9,62.5,21.9,14.3,36.7,0.36,1,1.1,4.7
9/1/18,12:00 AM,3.6,349,62.1,17,12.5,30,0.323,0.6,0.7,5.7
9/2/18,12:00 AM,3.8,1.3,62.4,15.1,13.4,28.6,0.312,0.5,0.7,7.5
9/3/18,12:00 AM,4.1,336,63.1,13.3,10.8,24.2,0.321,0.5,0.6,3.9
9/4/18,12:00 AM,3.7,13.8,63.4,,,,0.366,0.7,0.9,8.5
9/5/18,12:00 AM,2.7,19.3,67.2,23.9,26.2,50.2,0.588,1.4,2,15.3
9/6/18,12:00 AM,2.9,246,67.7,67.1,42.5,109.7,0.703,3.1,3.9,22
9/7/18,12:00 AM,4.4,213.1,62.5,27.4,19.4,46.9,0.382,1.2,1.3,
9/8/18,12:00 AM,5.6,197.6,63.2,16.6,13.8,30.5,0.364,0.7,0.8,5.4
9/9/18,12:00 AM,5.6,188.7,63.5,9.5,11.1,20.7,0.296,0.5,0.5,4.7
9/10/18,12:00 AM,7.3,197.1,62,,,,0.364,1.1,1.2,8.4
9/11/18,12:00 AM,6,199.4,61,27.2,18.9,46.3,0.391,1.3,1.4,7
9/12/18,12:00 AM,4.9,211.5,59.9,30.7,20.8,51.7,0.433,1.4,1.5,6.2
9/13/18,12:00 AM,4.6,209.2,60.6,31.8,22.3,54.2,0.454,1.6,1.7,7
9/14/18,12:00 AM,4.4,191.7,59.5,28.2,19.4,47.7,0.415,1.4,1.5,5.6
9/15/18,12:00 AM,4.1,150.7,57.1,9.9,12.6,22.6,0.326,0.6,0.7,4.3
9/16/18,12:00 AM,6,173.1,58.1,8.2,11.2,19.5,0.304,0.5,0.5,4.1
9/17/18,12:00 AM,3.8,15.8,57,8.8,12.1,21,0.439,0.5,0.6,5.2
9/18/18,12:00 AM,3,23.5,56.3,12,15.9,27.9,0.348,0.7,0.8,6.5
9/19/18,12:00 AM,3.1,212.6,58.4,37.3,19.9,57.3,0.513,1.7,1.9,10
9/20/18,12:00 AM,4.4,174.5,59,15.3,13.4,28.8,0.391,1,1,5
9/21/18,12:00 AM,5.4,188.2,63.7,23,17.6,40.8,0.391,1.3,1.4,6.7
9/22/18,12:00 AM,8.7,188.7,61.3,10.2,10,20.3,0.275,0.6,0.6,4.3
9/23/18,12:00 AM,3.7,238.1,57.8,16.6,15.1,31.8,0.362,0.9,1.1,9.5
9/24/18,12:00 AM,3.4,4,57,30,16.9,46.9,0.429,1.3,1.5,10.1
9/25/18,12:00 AM,3.7,21.2,57.7,11.1,12.7,23.9,0.334,0.7,0.9,8.9
9/26/18,12:00 AM,3.2,24.4,59,14.1,14.9,29.2,0.375,0.8,0.9,8.8
9/27/18,12:00 AM,3.3,15.6,61.7,11.9,14.5,26.5,0.34,0.8,0.9,9.7
9/28/18,12:00 AM,4,28.6,64.6,13.4,17.2,30.7,0.388,0.8,1,8.6
9/29/18,12:00 AM,3.7,204,61.2,31.1,21,52.1,0.453,1.5,1.7,11.1
9/30/18,12:00 AM,3.8,164.3,60.3,14.7,13.4,28.3,0.524,0.9,1.3,10.8
10/1/18,12:00 AM,4.2,158.3,59.3,14.5,17,31.7,0.316,1,1.1,6.3
10/2/18,12:00 AM,7,171.5,54.9,17.3,15.6,33,0.316,1,1.1,6.1
10/3/18,12:00 AM,3.3,4,49.1,19.6,14.2,34,0.398,0.8,1,7.8
10/4/18,12:00 AM,3.1,12.5,51.9,25.7,20.1,45.9,0.465,1.3,1.7,9
10/5/18,12:00 AM,3,69,49.4,13.6,15.8,29.5,0.358,1,1.3,7.7
10/6/18,12:00 AM,2.9,48.8,51.8,5.9,10.5,16.5,0.295,0.6,0.9,11
10/7/18,12:00 AM,2.5,159.6,51.8,15.7,14.7,30.5,0.43,1.1,1.4,11
10/8/18,12:00 AM,1.8,252,53.7,59.3,23.1,82.5,0.572,2.6,3.1,15
10/9/18,12:00 AM,3.4,5.5,54.4,21,14.7,35.9,0.403,1,1.2,8
10/10/18,12:00 AM,2.6,12.1,54.7,58.1,19.6,77.7,0.605,2.7,3.4,16
10/11/18,12:00 AM,2.4,44.6,52.8,38.4,18.1,56.7,0.526,1.9,2.4,15.2
10/12/18,12:00 AM,2.9,23.8,52.4,38.4,17,55.4,0.535,1.9,2.4,15.5
10/13/18,12:00 AM,4.3,37.5,53.7,4.6,11.2,15.9,0.268,0.5,0.9,11
10/14/18,12:00 AM,2.9,38.3,54.3,9.1,14.5,23.7,0.353,0.8,1.3,9.5
10/15/18,12:00 AM,2.9,33.3,54.7,18.9,19.4,38.5,0.429,1.1,1.5,9.6
10/16/18,12:00 AM,2.6,73.6,56.4,53.1,24.3,77.5,0.59,2.3,2.8,14.6
10/17/18,12:00 AM,2,84.6,55.1,108.9,35.5,144.8,0.915,4.1,5,21.9
10/18/18,12:00 AM,2.2,178.6,55.6,83.2,33.7,117.3,0.797,3.8,4.7,23.3
10/19/18,12:00 AM,2.1,123.1,50.8,77.1,28.5,105.8,0.686,3.6,4.5,29.1
10/20/18,12:00 AM,3.3,46.7,49.8,4.8,14.8,19.7,0.324,0.8,1.1,21.1
10/21/18,12:00 AM,2.5,77.2,48.4,39.7,18.6,58.4,0.666,,,25.5
10/22/18,12:00 AM,2.1,228.3,47.1,86.3,26,112.4,0.806,,,26.6
10/23/18,12:00 AM,4.3,164,49.5,47.7,21.7,69.4,0.611,2.4,3.1,19.8
10/24/18,12:00 AM,3.5,174.4,55.1,37.6,26,64.3,0.543,2.2,2.7,15.8
10/25/18,12:00 AM,2.7,155.6,55,21.9,23.6,45.6,0.571,1.9,2.4,11.2
10/26/18,12:00 AM,6.5,159.9,57.5,16.5,18.1,34.7,0.343,1.1,1.4,9.8
10/27/18,12:00 AM,2.6,61.4,50.8,25.8,18.1,44,0.43,1.2,1.6,11.5
10/28/18,12:00 AM,6.5,178.6,52.5,6.3,12.2,18.5,0.288,0.5,0.6,5.6
10/29/18,12:00 AM,4,148.7,49.9,23.3,22.4,45.8,0.444,1.4,1.8,8.3
10/30/18,12:00 AM,3.4,172,51.7,28.5,22.6,51.2,0.472,1.7,2.2,11.9
10/31/18,12:00 AM,5.1,190.2,54.4,29.8,21.7,51.5,0.493,1.8,2.2,10.4
11/1/18,12:00 AM,10.3,198.6,58.9,17.5,17.1,34.7,0.334,1.1,1.4,8.4
11/2/18,12:00 AM,6.1,189.2,57.3,21,21.2,42.3,0.367,1.2,1.4,8.5
11/3/18,12:00 AM,7.2,182.3,53.9,9.6,14.7,24.4,0.331,0.8,1,8.2
11/4/18,12:00 AM,6,181.4,55.1,7.4,12.6,20.1,0.318,0.5,0.6,11.5
11/5/18,12:00 AM,5.4,203.2,52.7,29.2,27.2,56.5,0.452,1.7,1.8,9.2
11/6/18,12:00 AM,3.1,163.8,49.6,23.1,21,44.2,0.427,1.6,1.8,6.7
11/7/18,12:00 AM,3.2,17.2,47.3,11.2,16.2,27.5,0.406,0.9,1.4,7.1
11/8/18,12:00 AM,2.5,99.2,43.3,50.7,19.6,70.5,0.602,2.2,2.9,11.9
11/9/18,12:00 AM,2,127.3,40.9,63.8,20.1,83.9,0.719,2.8,3.9,14.5
11/10/18,12:00 AM,3.1,49.1,43.8,17.3,15,32.4,0.414,1.3,2.2,12.9
11/11/18,12:00 AM,3.2,36.5,42.7,10.2,11.7,22,0.378,0.8,1.7,8.7
11/12/18,12:00 AM,2,68.3,47.5,80,30.7,110.8,0.813,3.2,4.3,15.5
11/13/18,12:00 AM,3.4,170.9,50.2,43.2,27.7,71,0.563,2.3,3.2,13.5
11/14/18,12:00 AM,5,202.7,51.3,33.6,30.1,63.7,0.576,2.5,3.7,20.6
11/15/18,12:00 AM,5.1,194.4,52.7,28.9,22.8,51.8,0.476,1.9,2.3,10.4
11/16/18,12:00 AM,4.4,354.6,51.4,13.9,14.6,28.6,0.328,0.9,1.2,5.7
11/17/18,12:00 AM,4.3,23.1,46.4,4.7,11.2,16,0.282,0.5,1,6.1
11/18/18,12:00 AM,2.2,71.9,44.8,24.8,19.6,44.6,0.547,1.4,2.4,11.9
11/19/18,12:00 AM,1.9,119.6,44,128.3,27.3,155.7,1.038,4.5,6.1,20.7
11/20/18,12:00 AM,1.9,114.6,44,171.5,28.5,200.1,1.296,6.3,8,28
11/21/18,12:00 AM,2.6,189.8,49.9,88.4,33.9,122.3,0.689,3.8,4.9,15.4
11/22/18,12:00 AM,4.9,164,47.7,8.9,12.5,21.6,0.314,0.7,1,5.5
11/23/18,12:00 AM,5,152.5,45,7.4,14.1,21.6,0.283,0.6,0.8,3.3
11/24/18,12:00 AM,2.2,141.9,43.9,22.9,20.9,43.8,0.542,1.3,1.9,9.2
11/25/18,12:00 AM,2,167.6,44,47.4,19.9,67.3,0.69,2,2.9,10.8
11/26/18,12:00 AM,3.6,140.2,48.8,43.2,21.2,64.5,0.52,1.9,2.5,8.5
11/27/18,12:00 AM,6.5,170,52.7,14.6,20.9,35.6,0.433,1.3,1.5,5.2
11/28/18,12:00 AM,3.1,128.2,48.4,24.1,23.4,47.5,0.467,1.6,2,6
11/29/18,12:00 AM,2.6,45.6,46.2,10.7,17.5,28.2,0.377,0.8,1.3,7.5
11/30/18,12:00 AM,4.5,156.1,46,29.9,20.5,50.4,0.475,1.6,2.2,8.4
12/1/18,12:00 AM,1.9,119.5,43.6,18.8,22.7,41.5,0.465,0,0,6.6
12/2/18,12:00 AM,1.8,74.7,42.7,11,17.2,28.3,0.463,0,0,13.6
12/3/18,12:00 AM,4.2,36.5,39.3,7.8,11.5,19.4,0.301,0.3,0.5,5.8
12/4/18,12:00 AM,3.9,29.7,38.6,9.2,17.8,27.2,0.482,1.1,1.8,7
12/5/18,12:00 AM,3.5,33.9,37.6,11.4,19.4,30.9,0.418,0.9,1.4,7.1
12/6/18,12:00 AM,2.3,69.5,37.4,37.1,28.9,66.1,0.684,1.7,2.3,10.4
12/7/18,12:00 AM,2.3,122.1,39.1,36.5,27.5,64.1,0.592,1.9,2.6,9.8
12/8/18,12:00 AM,1.9,122.9,42.4,28.4,21.8,50.3,0.546,1.7,2.5,10.9
12/9/18,12:00 AM,2.7,125.5,43.7,8.7,14.3,23.1,0.364,0.8,1.3,6.9
12/10/18,12:00 AM,5.2,170.4,45.6,21.5,21.4,43,0.444,1.5,1.9,7.2
12/11/18,12:00 AM,4.9,168.4,45.9,15.8,20.3,36.2,0.384,1.3,1.6,5.5
12/12/18,12:00 AM,5.7,170.9,44.5,18.8,22.4,41.2,0.375,1.2,1.4,7
12/13/18,12:00 AM,3.1,137.1,46.8,29.6,28.2,58,0.598,1.7,2.1,7
12/14/18,12:00 AM,7.1,192.6,49.4,65.4,26,91.5,0.618,2.8,3.4,9.9
12/15/18,12:00 AM,4.5,134.8,46.3,9.5,13.8,23.3,0.315,0.6,0.8,3.2
12/16/18,12:00 AM,3.7,134.3,49,12.9,17.3,30.4,0.394,0.8,1,4.5
12/17/18,12:00 AM,5.2,162.6,48.4,14.8,19.3,34.2,0.344,1.2,1.4,3
12/18/18,12:00 AM,8.8,199.7,49,16.9,23,40.1,0.336,1.2,1.3,5.5
12/19/18,12:00 AM,4.7,152.8,47.4,34.6,28.9,63.6,0.5,1.8,2.2,8.2
12/20/18,12:00 AM,9.3,183.5,48,13.9,18.4,32.3,0.379,0.8,1,5
12/21/18,12:00 AM,2.8,125.9,39.5,20,24.3,44.3,0.475,1.4,2,9.9
12/22/18,12:00 AM,2.4,115.4,42.1,23,21.3,44.4,0.437,1.2,1.5,7
12/23/18,12:00 AM,4,142.6,43.8,6.2,13.8,20.1,0.315,0.6,0.8,3.6
12/24/18,12:00 AM,3.1,38.3,44.3,3.6,10.7,14.4,0.292,0.4,0.6,3.7
12/25/18,12:00 AM,1.7,95.2,40.4,11,15.1,26.2,0.404,1.1,1.8,8
12/26/18,12:00 AM,2.8,128.3,40.1,13.1,15.2,28.3,0.418,0.9,1.3,5.5
12/27/18,12:00 AM,1.8,103.4,41.5,38.9,24.2,63.2,0.574,1.9,2.5,10.1
12/28/18,12:00 AM,4.6,140.2,42,12.3,17.2,29.6,0.369,1,1.5,7.2
12/29/18,12:00 AM,10,186.3,48.9,6.4,10.4,16.9,0.253,0.4,0.4,3.4
12/30/18,12:00 AM,2.5,86.6,42.5,6.1,13.9,20.1,0.326,0.6,0.8,5.6
12/31/18,12:00 AM,2.9,44.6,36.4,11.2,14.9,26.2,0.4,0.9,1.6,8.9
1/1/19,12:00 AM,1.7,83,37.7,42.1,19.8,62.1,0.657,2,3.5,16.5
1/2/19,12:00 AM,4.2,156.3,40.4,36.5,21.6,58.2,0.497,2,3,11.4
1/3/19,12:00 AM,6,211.2,48.7,53.5,27.9,81.5,0.541,2.4,2.7,7.2
1/4/19,12:00 AM,8.8,174.9,48.7,13.1,17.7,30.9,0.328,1,1.2,5
1/5/19,12:00 AM,2.4,80.9,46,46.2,25.1,71.5,0.577,2,2.5,8.3
1/6/19,12:00 AM,8.5,205.5,41.9,11.6,14.8,26.5,0.325,0.6,0.7,4.6
1/7/19,12:00 AM,4.8,183.4,40,26.3,23.9,50.3,0.453,1.4,1.7,6.7
1/8/19,12:00 AM,2.8,6.5,42.1,46,30.9,77,0.557,2.3,2.6,8.6
1/9/19,12:00 AM,3.2,116.6,46.9,22.9,23.8,46.8,0.407,1.2,1.6,5
1/10/19,12:00 AM,3.7,103.7,49.3,12.4,20.2,32.6,0.473,0.9,1.2,3.6
1/11/19,12:00 AM,1.8,52.8,48.7,113.1,32.2,145.4,0.95,4.3,5,13.2
1/12/19,12:00 AM,2,62.1,46.1,99.8,29.3,129.1,0.926,3.8,5.1,18
1/13/19,12:00 AM,2,96.8,44.3,59.2,27.3,86.6,0.733,2.7,4.2,16.8
1/14/19,12:00 AM,2.2,79.2,43.1,71.6,26.4,98,0.694,3,3.9,14.4
1/15/19,12:00 AM,1.9,204.8,41.3,218.1,41.1,259.3,1.255,7.4,9.4,28.7
1/16/19,12:00 AM,2.2,85.8,44,139.1,33.8,173,0.981,4.8,6.2,19.3
1/17/19,12:00 AM,5.2,147.8,49.6,39.3,23.4,62.8,0.502,1.7,2,5
1/18/19,12:00 AM,5,163.3,47.7,18.5,21.6,40.2,0.38,1.2,1.4,4.3
1/19/19,12:00 AM,7.4,195.3,47.7,10.6,15.4,26.1,0.357,0.8,1,7.5
1/20/19,12:00 AM,2.8,26.6,42.8,9.4,16.6,26.1,0.41,0.7,1.1,7.2
1/21/19,12:00 AM,1.8,134.4,41.3,63.2,24,87.3,0.685,2.8,4,16.5
1/22/19,12:00 AM,5.7,165.7,43.9,14.5,19.8,34.4,0.126,1.1,1.3,5.6
1/23/19,12:00 AM,4.8,54.6,47.8,18.4,18.2,36.7,0.101,1,1.2,4
1/24/19,12:00 AM,2.4,315.1,45.3,45.8,23.1,68.9,,1.9,2.4,10.5
1/25/19,12:00 AM,2.3,32.5,44.5,24.9,18.8,43.9,0.101,1.5,2,11.5
1/26/19,12:00 AM,3,39.1,42.8,12.3,15.1,27.5,0.101,1.1,1.8,11.9
1/27/19,12:00 AM,2.9,50,40.7,6,12,18.1,0.101,0.6,1.1,11.2
1/28/19,12:00 AM,3.3,28.1,43.4,15.6,16.2,31.9,0.245,0.9,1.4,6.6
1/29/19,12:00 AM,2.2,64.5,44.6,32.8,27.7,60.6,0.583,1.6,2.3,8.7
1/30/19,12:00 AM,1.9,77.7,41.8,86.5,32.5,119.1,0.718,3.5,4.8,17.2
1/31/19,12:00 AM,3.1,157.2,47.4,67.2,27.9,95.2,0.678,3.1,4.4,15
2/1/19,12:00 AM,4.4,178.2,47.8,33.6,24,57.7,0.369,2,2.6,9.5
2/2/19,12:00 AM,4,328.3,45,9.7,16.8,26.7,0.221,0.8,1,5.5
2/3/19,12:00 AM,5.8,114.9,36.8,4.7,10.2,14.9,0.137,0.5,0.7,4.8
2/4/19,12:00 AM,6.4,17.8,26.4,1.8,6.1,7.9,0.199,0.2,0.4,5
2/5/19,12:00 AM,2.4,53.3,27.3,30.6,24.4,55.2,0.474,1.3,2,11.1
2/6/19,12:00 AM,2.1,85,29.1,33.6,28.8,62.5,0.571,1.6,2.5,13.6
2/7/19,12:00 AM,2.4,46.6,31.3,28.6,27.1,55.8,0.626,1.3,1.9,9.5
2/8/19,12:00 AM,2.8,102.4,32.1,20.4,24.5,44.9,0.465,2.2,3,13.8
2/9/19,12:00 AM,5.5,11.6,29.6,2.4,9,11.5,0.23,0.3,0.6,5.7
2/10/19,12:00 AM,4.7,122.3,28.6,7.5,15.4,23,0.286,0.7,1,7.5
2/11/19,12:00 AM,3.3,62,31.8,3.5,11.6,15.2,0.251,0.3,0.5,5
2/12/19,12:00 AM,4.1,128.4,35.1,4,13.6,17.8,0.282,0.9,1.1,5.7
2/13/19,12:00 AM,3,29.8,36.5,15.9,21.5,37.4,0.364,1.2,1.5,7.6
2/14/19,12:00 AM,2.8,162.1,38.8,50.4,33.9,84.4,0.656,2.3,2.7,9
2/15/19,12:00 AM,4,106.3,41.2,27.4,27.2,54.8,0.569,1.7,2.1,7
2/16/19,12:00 AM,2.2,91.6,38.4,20.3,21.2,41.5,0.506,1.5,2,8.7
2/17/19,12:00 AM,2,64.8,37.5,17.1,21.2,38.4,0.511,1.2,1.7,11.1
2/18/19,12:00 AM,1.9,84.8,38.1,13.9,18.4,32.5,0.452,1.3,2,12.5
2/19/19,12:00 AM,4.3,202.2,40.3,32.6,26.3,59,0.479,1.8,2.1,7.5
2/20/19,12:00 AM,3.1,24.7,38.7,10.3,14.7,25.1,0.334,0.7,0.9,5.2
2/21/19,12:00 AM,2.8,43.5,38.8,27.6,21.7,49.4,0.59,1.4,1.7,9.5
2/22/19,12:00 AM,5.3,172.5,38.3,20.4,21.6,42.1,0.431,1.4,1.7,6.4
2/23/19,12:00 AM,4.7,160.6,39.8,12.5,15.8,28.4,0.361,0.8,0.9,5.4
2/24/19,12:00 AM,3.1,60,39,3,10.6,13.7,0.29,0.4,0.6,4.4
2/25/19,12:00 AM,5.1,5.2,37.1,7.4,12.4,19.9,0.312,0.6,0.8,3.9
2/26/19,12:00 AM,4.2,46.8,35.9,3.1,9.6,12.8,0.253,0.3,0.4,4
2/27/19,12:00 AM,4,27,37.7,13,18.7,31.8,0.371,0.8,1,6.2
2/28/19,12:00 AM,2.8,233.8,39.6,28.5,28.5,57.1,0.571,1.5,1.7,7.9
3/1/19,12:00 AM,3.6,30.2,41.3,9.2,19.1,28.4,0.356,0.8,1.2,7.1
3/2/19,12:00 AM,4.7,22.8,41.3,3.8,12.1,16,0.312,0.5,0.8,7
3/3/19,12:00 AM,4.2,51.3,38.8,1.6,6.6,8.3,0.201,0.1,0.2,2.6
3/4/19,12:00 AM,4.8,36.7,37.1,5.3,10.3,15.7,0.285,0.3,0.3,2.5
3/5/19,12:00 AM,4.2,15.8,39,5.8,14.2,20.1,0.33,0.5,0.7,4
3/6/19,12:00 AM,3.7,46.7,37.1,12,20.2,32.3,0.361,,,7.6
3/7/19,12:00 AM,4.8,181.8,38,22.7,23.1,45.9,0.49,,,6.9
3/8/19,12:00 AM,2.6,192.5,37,41.1,31.4,72.6,0.592,,,9.3
3/9/19,12:00 AM,3.4,36,38.4,14.2,17.6,31.9,0.441,1,1.6,10.7
3/10/19,12:00 AM,3,31.1,40.8,14.4,23.5,38,0.47,1.1,1.7,10.5
3/11/19,12:00 AM,4.9,186,41.7,27.3,29.5,56.9,0.48,1.7,2.1,8.3
3/12/19,12:00 AM,2.7,108.5,40.8,,,,0.392,1.1,1.3,5.8
3/13/19,12:00 AM,2.7,162.9,43.4,30.1,26.3,56.4,0.544,1.9,2.2,9.4
3/14/19,12:00 AM,3.3,167.5,47,25.5,23.4,49.1,0.618,1.5,1.7,7
3/15/19,12:00 AM,3.1,4.8,48.9,29.3,24,53.5,0.536,1.8,2.2,9.8
3/16/19,12:00 AM,2.8,1.7,50.4,18,21.6,39.7,0.528,1.3,1.8,12.1
3/17/19,12:00 AM,3.3,7.5,52.2,6.6,14.9,21.6,0.425,0.7,1.1,9.7
3/18/19,12:00 AM,3.5,34.1,59.3,18.2,19.9,38.1,0.456,1.2,1.4,6.2
3/19/19,12:00 AM,3.3,88.8,64.4,37.7,25,62.8,0.488,2.1,2.4,7.6
3/20/19,12:00 AM,3.5,167.6,64.4,53.6,28.6,82.4,0.566,2.6,2.8,6.9
3/21/19,12:00 AM,5.7,199.5,53.9,20.9,23.5,44.5,0.54,1.5,1.7,8
3/22/19,12:00 AM,4.8,219.3,53.2,33.6,25.9,59.6,0.517,2,2.2,8.1
3/23/19,12:00 AM,3.4,287.7,51.5,20.4,19.2,39.7,0.471,1.2,1.5,8.7
3/24/19,12:00 AM,2.3,216.7,50.2,12.7,17.3,30.1,0.412,1,1.4,9.2
3/25/19,12:00 AM,4.5,251.6,48.9,28.7,19.7,48.6,0.49,1.6,1.8,8.5
3/26/19,12:00 AM,5.4,229.7,49.9,18.9,20.7,39.7,0.447,1.4,1.5,5
3/27/19,12:00 AM,4.9,357.1,49.7,10.2,15.3,25.6,0.355,0.7,0.8,4.2
3/28/19,12:00 AM,3.1,347.3,53.3,28.9,28.5,57.5,0.562,1.8,2,6.9
3/29/19,12:00 AM,2.6,330.7,52.1,36.8,31.3,68.2,0.631,2,2.3,9.9
3/30/19,12:00 AM,2.9,16.6,53.1,11.7,17.7,29.5,0.462,1,1.4,7.2
3/31/19,12:00 AM,3.4,16.1,54,12.8,17.1,30,0.457,1,1.5,11.2
4/1/19,12:00 AM,3.7,11.9,57.3,10.8,16.6,27.5,0.447,1,1.3,9.6
4/2/19,12:00 AM,3.5,333.6,58.1,19.4,22,41.5,0.5,1.5,1.7,7.7
4/3/19,12:00 AM,8.7,197,53.4,14.7,15,29.8,0.39,1.3,1.4,7.4
4/4/19,12:00 AM,3.3,215.2,52.9,28.1,25.5,53.7,0.586,1.8,2,8.7
4/5/19,12:00 AM,5.9,153.9,51,8.8,13,21.9,0.388,0.8,0.9,5.7
4/6/19,12:00 AM,5.5,162.3,49.4,7.8,13,20.9,0.426,0.6,0.7,5.6
4/7/19,12:00 AM,2.9,351.8,48.2,6.8,12.2,19.1,0.398,0.5,0.7,4.8
4/8/19,12:00 AM,2.8,224.1,51,27.4,20.8,48.3,2.965,1.7,1.9,
4/9/19,12:00 AM,4,75.3,50.6,11.1,13.1,24.2,0.322,0.8,0.9,
4/10/19,12:00 AM,6.3,180.4,48,15.3,17,32.4,0.394,1.1,1.2,
4/11/19,12:00 AM,5.1,155,48.8,12.8,16.8,29.7,0.47,1,1.1,
4/12/19,12:00 AM,3.5,310.2,50.9,17.2,18,35.3,0.435,1.2,1.3,
4/13/19,12:00 AM,9.3,196.5,47.4,7.1,10.6,17.8,0.358,0.5,0.5,4
4/14/19,12:00 AM,7.9,203.6,45.6,6.4,9.5,16,0.354,0.4,0.5,3.8
4/15/19,12:00 AM,4.2,245,48.6,15.1,19.6,34.8,0.438,0.9,1,2.7
4/16/19,12:00 AM,5.9,199.9,50.2,18.8,19.6,38.6,0.411,1.3,1.5,6
4/17/19,12:00 AM,7.5,193.8,54.7,16,16.7,32.8,0.387,1.1,1.1,2.9
4/18/19,12:00 AM,4.5,152.5,56.9,15.6,15.2,30.9,0.463,1.2,1.3,3.9
4/19/19,12:00 AM,4.2,119.4,53.3,15.3,15.6,31,0.342,1.3,1.4,3.7
4/20/19,12:00 AM,3,26.7,51.9,7.8,13.3,21.2,0.384,0.6,0.9,5.7
4/21/19,12:00 AM,4.7,198.7,52.8,8,14,22,0.385,0.7,0.9,7.2
4/22/19,12:00 AM,5.3,174.2,50.9,16.1,18.7,34.9,0.401,1.3,1.5,6.7
4/23/19,12:00 AM,5.6,261.8,53.9,19.2,14.8,34.1,0.326,1.4,1.4,5.4
4/24/19,12:00 AM,4.2,348.4,51.9,17,15.8,32.9,0.338,1.1,1.2,6.6
4/25/19,12:00 AM,3.8,12.3,52,12.7,15.8,28.6,0.447,0.9,1.1,6.4
4/26/19,12:00 AM,4.7,157.1,53.5,17.4,16.7,34.1,0.39,1.4,1.5,8.2
4/27/19,12:00 AM,4.3,348.6,49.1,6.2,9.4,15.7,0.307,0.4,0.5,3.5
4/28/19,12:00 AM,3.9,15.2,49.6,6.7,9.9,16.7,0.339,0.5,0.7,3.7
4/29/19,12:00 AM,4.9,16.3,53.7,8.9,9.8,18.7,0.301,0.6,0.7,2.2
4/30/19,12:00 AM,3.7,26.8,55.5,11.9,15.2,27.1,0.402,0.8,0.9,4.6
5/1/19,12:00 AM,6.1,187.8,53.3,13.9,16.3,30.3,0.379,1.3,1.4,6.9
5/2/19,12:00 AM,5.2,186.3,52.3,15.9,17.5,33.4,0.453,1.1,1.2,6.7
5/3/19,12:00 AM,3.9,275,53.2,27.2,21.8,49.1,0.426,2,2.1,8.6
5/4/19,12:00 AM,3.2,352.7,57,14.1,16,30.2,0.444,0.7,0.9,6.2
5/5/19,12:00 AM,3.7,3.7,58.6,10.7,13.7,24.5,0.392,0.8,1.2,6.3
5/6/19,12:00 AM,3.4,353.2,61.9,24.3,19.6,43.9,0.407,1.6,1.8,7.8
5/7/19,12:00 AM,3.6,311.6,62.2,29.3,20.2,49.6,0.404,1.7,1.9,7.2
5/8/19,12:00 AM,3.8,285.3,61.8,33.1,21.9,55.1,0.461,2.2,2.4,10.7
5/9/19,12:00 AM,4.2,8.8,68.5,16.1,17.6,33.7,0.481,1.1,1.3,7.2
5/10/19,12:00 AM,2.8,279.9,69.6,52.3,36.1,88.4,0.628,2.9,3.2,11.6
5/11/19,12:00 AM,4.2,242.4,66.4,42.5,30.8,73.4,0.556,2,2.5,13.5
5/12/19,12:00 AM,5.1,236.8,57,13.2,15.1,28.5,0.362,0.7,0.8,6.6
5/13/19,12:00 AM,4.4,234.7,55.6,21,22.2,43.3,0.436,1.5,1.5,8.7
5/14/19,12:00 AM,5.8,197.3,55.3,18.3,19.3,37.7,0.39,1.5,1.6,6.1
5/15/19,12:00 AM,3.6,307.5,58.5,22.9,23,45.9,0.442,1.7,1.8,5.4
5/16/19,12:00 AM,3.5,229,57.5,33.6,21.2,55,0.508,2,2.2,9.5
5/17/19,12:00 AM,7.8,209,56.5,18.2,16.4,34.8,0.362,1.3,1.4,4.2
5/18/19,12:00 AM,3.6,305.2,60.5,17.5,16.5,34.1,0.371,0.9,1.1,5.1
5/19/19,12:00 AM,3.7,265.2,60.7,13.7,18.6,32.3,0.383,0.8,1,5.6
5/20/19,12:00 AM,6.6,175.6,54.6,13.5,16.1,29.7,0.327,1.1,1.1,4
5/21/19,12:00 AM,3.1,36.7,55.4,8.3,12.9,21.3,0.302,0.6,0.7,5.2
5/22/19,12:00 AM,3.4,317.8,62.7,35.2,22.7,58,0.464,2.1,2.4,11.1
5/23/19,12:00 AM,3.8,247.6,63.3,42.7,29.3,72.1,0.552,2.5,2.7,12.8
5/24/19,12:00 AM,8,203.1,56,16.1,15.4,31.6,0.34,1.2,1.3,6.7
5/25/19,12:00 AM,5,192.9,53.1,11.2,13.3,24.6,0.368,0.7,0.8,4.4
5/26/19,12:00 AM,3.5,356.8,59.5,22.6,15.5,38.2,0.441,1.2,1.4,8.5
5/27/19,12:00 AM,4.6,230.5,64.5,23.9,15.7,39.7,0.478,1.8,2.3,11
5/28/19,12:00 AM,6.4,212.8,59.8,22,18.8,40.8,0.409,1.8,1.9,11.1
5/29/19,12:00 AM,3.8,251.8,60,33,24.7,57.8,0.459,2,2.1,9.8
5/30/19,12:00 AM,3.5,259.3,61.3,50.3,29,79.4,0.574,2.8,3,12.6
5/31/19,12:00 AM,3.4,256.5,61.3,53.1,29.4,82.6,0.55,2.7,2.9,13.5
6/1/19,12:00 AM,3.6,280.2,60.8,25.8,17.6,43.5,0.355,1.3,1.5,9.9
6/2/19,12:00 AM,4,268.5,63.5,14.7,14.2,29,0.341,0.8,1,7.9
6/3/19,12:00 AM,4.5,270.4,58.7,,,,0.383,1.3,1.3,7.3
6/4/19,12:00 AM,3.7,331.9,59.4,18,18.7,36.8,0.363,1.1,1.1,6.8
6/5/19,12:00 AM,6.8,205.9,58.8,22,17.5,39.6,0.362,1.4,1.5,4.3
6/6/19,12:00 AM,6,198.7,55.2,18.8,16,34.9,0.407,1.1,1.2,4.5
6/7/19,12:00 AM,6.7,199.1,53.5,19.5,15.5,35.2,0.369,1.3,1.4,3.5
6/8/19,12:00 AM,5.1,259.1,57.4,11.6,10.1,21.8,0.329,0.6,0.7,2.9
6/9/19,12:00 AM,4.3,357,60.1,8.3,9.1,17.5,0.297,0.4,0.5,2.2
6/10/19,12:00 AM,4.4,0.7,64.5,15.6,11.2,26.9,0.319,1,1,4.1
6/11/19,12:00 AM,4.3,4.2,70.8,11.2,13.8,25.1,0.451,1,1.1,6
6/12/19,12:00 AM,3.1,284.4,76.6,43.9,36.1,80,0.512,2.7,3,11.3
6/13/19,12:00 AM,4.9,247.3,67.4,21.5,18.6,40.2,0.398,1.6,1.7,10
6/14/19,12:00 AM,5,237.9,61.4,24.4,16.2,40.7,0.373,1.5,1.6,5.7
6/15/19,12:00 AM,3.5,263.3,61.5,26.2,19.4,45.7,0.405,1.3,1.5,8.7
6/16/19,12:00 AM,3.7,341.7,63.3,16.6,12.5,29.2,0.277,0.7,0.8,6.8
6/17/19,12:00 AM,3.7,261.1,64,34.5,20.3,54.9,0.438,2,2.1,6.4
6/18/19,12:00 AM,3.4,58.6,59.6,14.6,10.1,24.8,0.294,0.7,0.7,3.6
6/19/19,12:00 AM,4.5,151.8,57.4,12.2,10.7,22.9,0.257,0.8,0.8,5
6/20/19,12:00 AM,4.8,204,58,19.8,13.2,33.1,0.364,1.1,1.1,3.8
6/21/19,12:00 AM,6.5,210.6,60.7,19.7,13.9,33.7,0.366,1.3,1.3,
6/22/19,12:00 AM,5.4,213.9,58.7,14.5,11.7,26.3,0.327,0.7,0.8,4.8
6/23/19,12:00 AM,4.1,150.9,56.6,6.8,8.6,15.5,0.244,0.4,0.5,4.2
6/24/19,12:00 AM,3.3,35.8,58.6,13.6,12.5,26.1,0.317,0.7,0.8,4.3
6/25/19,12:00 AM,3.6,291.1,61.9,22.9,17.3,40.2,0.375,1.2,1.3,6
6/26/19,12:00 AM,3.9,219.6,61.6,22,18.7,40.7,0.324,1.4,1.5,4.9
6/27/19,12:00 AM,6.9,194.7,61.5,16.4,15,31.5,0.351,1.2,1.3,3.8
6/28/19,12:00 AM,4.8,227,62.6,19.5,16,35.6,0.336,1.3,1.3,4.2
6/29/19,12:00 AM,4.3,336.5,64.1,17.8,13.5,31.4,0.352,0.8,1,5.2
6/30/19,12:00 AM,3.9,339.9,67.5,16,13,29.2,0.321,0.6,0.8,5.6
7/1/19,12:00 AM,4,269.5,67.7,35,20.6,55.6,0.439,1.7,1.9,7
7/2/19,12:00 AM,5.3,208.5,58.8,28.8,20,49,0.449,1.8,1.9,4.7
7/3/19,12:00 AM,3.2,236.6,61.3,44.7,20.2,65,0.525,2.5,2.6,7.5
7/4/19,12:00 AM,3.4,259.1,62.6,18.2,16.8,35.1,0.479,1,1.2,7.5
7/5/19,12:00 AM,4.2,223.1,62.6,21.3,14.8,36.3,0.432,1.4,1.5,7.6
7/6/19,12:00 AM,4.1,248,63.6,16.3,12,28.4,0.385,0.8,0.9,3.8
7/7/19,12:00 AM,4.3,200.6,61.9,8,9.6,17.7,0.308,0.6,0.7,3.8
7/8/19,12:00 AM,3,252,64,41.7,23,64.8,0.515,2.2,2.4,7.2
7/9/19,12:00 AM,3.2,224,65.3,43.5,23.8,67.4,0.479,2.4,2.6,9.5
7/10/19,12:00 AM,4.7,199.3,65.3,26.3,13.7,40.1,0.37,2.6,2.8,5
7/11/19,12:00 AM,3.9,239.2,66.7,34.5,19.6,54.1,0.485,2.2,2.2,5.6
7/12/19,12:00 AM,4.1,295.6,67,38.4,16.6,55.1,0.362,1.8,1.9,6.9
7/13/19,12:00 AM,4.1,328.3,67.6,18.1,10.3,28.5,0.304,0.8,0.9,4.6
7/14/19,12:00 AM,4.2,312.5,67.5,14.9,12.1,27.1,0.318,0.7,0.8,5
7/15/19,12:00 AM,3.3,226.6,65.8,27,18.5,45.6,0.39,1.5,1.5,5.1
7/16/19,12:00 AM,3.7,258.2,67.9,47.3,22,69.4,0.441,2,2.1,7
7/17/19,12:00 AM,9.2,197.1,64.2,17.4,11.7,29.2,0.298,1,1,3
7/18/19,12:00 AM,4.5,54.6,60.8,8,8.4,16.4,0.272,0.6,0.6,3.7
7/19/19,12:00 AM,3.8,359.2,61.1,17.8,11.3,29.2,0.304,0.9,0.9,5.3
7/20/19,12:00 AM,3.7,350.5,65.9,10.9,12.2,23.1,0.343,0.6,0.7,4.7
7/21/19,12:00 AM,3.6,312.5,70.7,19.7,19.3,39.1,0.363,1,0.9,7.3
7/22/19,12:00 AM,4,253.6,69.2,21.1,15.1,36.2,0.357,1.3,1.3,5.9
7/23/19,12:00 AM,4.1,254.6,64.6,24.6,12.9,37.6,0.363,1.3,1.3,5.7
7/24/19,12:00 AM,4.8,230,66.2,17.1,13.5,30.6,0.339,1.2,1.2,4.2
7/25/19,12:00 AM,4,344.8,69.6,18.2,13.5,31.9,0.385,1.1,1.2,5.1
7/26/19,12:00 AM,4.8,244,71.3,36.2,15.1,51.4,0.421,1.7,1.7,4.9
7/27/19,12:00 AM,5.4,23.5,66.4,8.1,7.5,15.6,0.241,0.4,0.4,2.8
7/28/19,12:00 AM,4.6,359.6,67.1,6.5,7.5,14.1,0.268,0.3,0.4,3.5
7/29/19,12:00 AM,3.5,263.4,68.4,39,20.1,59.2,0.47,1.9,2.1,8.2
7/30/19,12:00 AM,4.1,240.9,64.6,23.7,19.4,43.2,0.381,1.5,1.6,6.7
7/31/19,12:00 AM,2.9,277.4,69.3,32.1,22.3,54.5,0.472,0,0,7.9
8/1/19,12:00 AM,6,202.2,71.7,16.1,13,29.2,0.368,0.7,0.7,5
8/2/19,12:00 AM,5.4,220.7,69.5,18.7,12.9,31.7,0.348,1.2,1.4,5.8
8/3/19,12:00 AM,4.1,1.9,68.9,6.1,10.1,16.4,0.365,0.5,0.6,9.7
8/4/19,12:00 AM,3.5,338.7,72.3,14,16.5,30.6,0.44,0.9,1,10.8
8/5/19,12:00 AM,3.6,268.6,71.2,36.1,29.9,66.1,0.554,2.4,2.6,13.4
8/6/19,12:00 AM,3.8,274.5,65.6,35.3,24.9,60.2,0.488,1.9,2.1,11.5
8/7/19,12:00 AM,4.7,227.3,65.1,33.9,19.1,53,0.383,1.7,1.9,7.9
8/8/19,12:00 AM,5.2,218.1,64.5,22.9,19.3,42.3,0.434,,,6
8/9/19,12:00 AM,4,266.8,65.7,29.4,21.9,51.4,0.943,,,7.2
8/10/19,12:00 AM,3.3,286.8,64.8,28.1,17.9,46.1,0.984,,,7.1
8/11/19,12:00 AM,5,182,65.4,8.4,9.2,17.8,0.785,,,4
8/12/19,12:00 AM,3.5,261.9,68.5,21.7,17.5,39.3,0.763,,,4.9
8/13/19,12:00 AM,3.3,320,70.5,37.1,17.3,54.4,0.482,,,6.2
8/14/19,12:00 AM,3.6,298.2,71,27.7,22,49.8,0.454,2,2.2,7.2
8/15/19,12:00 AM,3.7,279.3,68.4,33.4,17.3,50.8,0.462,1.8,1.9,6.6
8/16/19,12:00 AM,5.3,203.3,64.4,19.8,15.4,35.3,0.416,1.5,1.6,7.5
8/17/19,12:00 AM,4.1,230.3,66.3,18.6,14.9,33.6,0.452,1,1.1,6.1
8/18/19,12:00 AM,3.7,272,65.7,13.8,12.6,26.5,0.353,0.8,0.9,4.7
8/19/19,12:00 AM,3.6,337.3,66,15.5,12.4,28,0.354,1,1.1,4.2
8/20/19,12:00 AM,4.2,220.7,68.5,36.1,22.1,58.2,0.489,2.1,2.2,7.9
8/21/19,12:00 AM,4.3,185.7,63.2,20.4,16.9,37.4,0.375,1.4,1.4,5.2
8/22/19,12:00 AM,3.1,236.4,63.1,35.5,22.7,58.4,0.551,2.1,2.3,8.8
8/23/19,12:00 AM,3.4,326.1,62.9,26.9,18.8,45.8,0.411,1.6,1.8,9.1
8/24/19,12:00 AM,4.3,0,65.3,13.6,10.1,23.8,0.329,0.7,0.8,6.1
8/25/19,12:00 AM,4,3.7,64.9,11.3,12.4,23.8,0.338,0.7,0.7,6.4
8/26/19,12:00 AM,4,14.4,65.7,8.7,10.5,19.2,0.349,0.7,0.9,8.3
8/27/19,12:00 AM,4.4,16.6,70.6,9.1,12.8,22,0.398,0.9,1,7.8
8/28/19,12:00 AM,3.1,326.9,74.1,29.4,22,51.5,0.496,2.1,2.3,9.4
8/29/19,12:00 AM,5.1,192.7,67.3,24.7,21.5,46.3,0.435,2.2,2.4,9
8/30/19,12:00 AM,3.9,203.1,69.2,17.6,17.8,35.5,0.425,1.4,1.6,6.8
8/31/19,12:00 AM,3.7,232.1,68.9,25.1,18.5,43.7,0.417,1.3,1.5,6.9
9/1/19,12:00 AM,4.2,242.3,69.3,8.4,11.2,19.7,0.332,0.6,0.6,4.5
9/2/19,12:00 AM,3.3,305.4,67.5,16.1,14.5,30.7,0.441,0.9,1,4.7
9/3/19,12:00 AM,2.6,264.8,67.8,46.2,25.4,71.7,0.515,2.4,2.7,9.4
9/4/19,12:00 AM,3.7,285.8,65.7,28.2,18.3,46.6,0.407,1.8,1.9,6.6
9/5/19,12:00 AM,3.1,340.8,68.1,20.1,20.2,40.4,0.473,1.5,1.6,8.4
9/6/19,12:00 AM,4.9,222.5,68,32.7,21.6,54.4,0.436,2.4,2.5,9.7
9/7/19,12:00 AM,4.1,236.8,63.2,30.7,17.9,48.7,0.396,1.3,1.4,7
9/8/19,12:00 AM,5.2,195.1,62.6,10,10.1,20.2,0.342,0.6,0.7,2.2
9/9/19,12:00 AM,4.9,189.5,61.6,21.2,17,38.4,0.406,1.6,1.7,3.2
9/10/19,12:00 AM,3.1,280.4,62.8,34,19.8,53.5,0.449,2.1,2.3,5.1
9/11/19,12:00 AM,3.6,198.1,64.5,29.3,20.2,49,0.481,1.8,2,6
9/12/19,12:00 AM,5,181.2,66.8,17.7,15.2,33.1,0.475,1.5,1.6,4.5
9/13/19,12:00 AM,7.8,197.6,64.8,16.4,14,30.5,0.374,1.5,1.5,4.2
9/14/19,12:00 AM,6.3,185.3,63,9.7,12.6,22.3,0.357,0.8,0.9,3.2
9/15/19,12:00 AM,5,170.9,58.8,5.9,9.3,15.3,0.31,0.5,0.6,3.4
9/16/19,12:00 AM,4.2,176.8,59.5,27.3,15.3,42.7,0.41,1.8,2,5.9
9/17/19,12:00 AM,3.2,123.4,57.5,7.7,10.2,18,0.299,0.6,0.8,2.2
9/18/19,12:00 AM,2.9,308.2,59.3,,,,0.351,1.9,2,5.2
9/19/19,12:00 AM,2.5,243.4,60.7,54.4,22.4,76.9,0.576,3,3.4,9.3
9/20/19,12:00 AM,2.2,155.4,61.8,31,17.5,48.6,0.457,1.8,2,6.8
9/21/19,12:00 AM,3.3,211.9,61.9,21,14.1,35.3,0.415,1.2,1.3,5.7
9/22/19,12:00 AM,3.8,176.9,61,11.1,11.1,22.3,0.348,0.8,1,4.5
9/23/19,12:00 AM,7.5,185.8,58.5,15,15,30.2,0.338,1.3,1.4,6.3
9/24/19,12:00 AM,4.2,287.7,62,22,15.9,37.9,0.363,2,2.2,7.6
9/25/19,12:00 AM,3.2,246.3,61.5,23,17.3,40.4,0.481,1.4,1.5,9.2
9/26/19,12:00 AM,4.7,271.4,62.4,23.3,18.2,41.7,0.435,1.2,1.3,5.7
9/27/19,12:00 AM,5.2,178,53.8,15.6,13.2,28.8,0.316,1,1.1,3.8
9/28/19,12:00 AM,3.9,11.1,51.5,5.3,7.6,13,0.302,0.3,0.4,1.7
9/29/19,12:00 AM,3.1,23.4,49.8,5.7,9.4,15.2,0.318,0.4,0.6,1.2
9/30/19,12:00 AM,3.2,35.5,50.6,10.1,12,22.1,0.378,0.6,0.7,1.5
10/1/19,12:00 AM,3,40.4,51.1,23.9,18,42,0.528,1.5,1.8,5.6
10/2/19,12:00 AM,2.3,139.6,54.4,42.1,24.8,67,0.599,2.2,2.7,8
10/3/19,12:00 AM,6,184.2,55.5,,,,0.174,1.4,1.6,4.9
10/4/19,12:00 AM,7.2,176.8,54.6,12.7,15.5,28.3,0.357,1.1,1.3,4.2
10/5/19,12:00 AM,3.1,208.7,55.4,16,15.9,32.1,0.422,1.1,1.4,6.5
10/6/19,12:00 AM,,,,,,,,,,
10/7/19,12:00 AM,,,,,,,,,,
10/8/19,12:00 AM,3.9,97.9,47.2,13.5,13.8,27.4,0.31,0.8,0.9,3.3
10/9/19,12:00 AM,3.5,14.6,44.9,11.1,12.6,23.8,0.34,0.6,0.8,4
10/10/19,12:00 AM,3.3,25.8,46.6,12.3,13.7,26.1,0.397,0.8,1.1,5.7
10/11/19,12:00 AM,2.4,49.8,52.7,37.5,26.7,64.3,0.647,1.8,2.4,8.6
10/12/19,12:00 AM,2.7,20.1,51.6,23.2,21.3,44.6,0.49,1.5,2.4,11.6
10/13/19,12:00 AM,2.3,342.6,53.4,16.4,19.5,36,0.419,1.1,1.6,10.7
10/14/19,12:00 AM,2.6,196.2,52.3,27.6,25,52.7,0.498,1.8,2.2,10.5
10/15/19,12:00 AM,3.6,151.9,54.4,39.3,22.8,62.2,0.535,2.4,3.3,14.4
10/16/19,12:00 AM,5.1,177.3,54.1,33.6,24.5,58.2,0.448,2.2,2.9,10.2
10/17/19,12:00 AM,9.4,191.4,53.3,13.4,16.8,30.4,0.361,1.3,1.5,5.9
10/18/19,12:00 AM,6.9,178.8,50.1,15.8,19.4,35.2,0.38,1.2,1.5,5.9
10/19/19,12:00 AM,3.1,115.3,47.7,5.6,12.2,17.9,0.328,0.5,0.7,3
10/20/19,12:00 AM,3.4,149.7,49.2,5.7,11.3,17.1,0.317,0.4,0.6,3.7
10/21/19,12:00 AM,7.5,186.2,55,15.3,18,33.4,0.341,1.1,1.2,7
10/22/19,12:00 AM,4.1,63.3,53.9,5.5,13.6,19.2,0.306,0.5,0.7,6.1
10/23/19,12:00 AM,3.3,26.7,49.4,11.1,14.5,25.7,0.376,0.8,1,5.3
10/24/19,12:00 AM,2.3,233.8,52.3,66.6,21.6,88.3,0.654,2.6,3.2,13
10/25/19,12:00 AM,2.9,95.6,51.2,32.2,18.4,50.6,0.48,1.8,2.2,8.8
10/26/19,12:00 AM,4.3,12.8,48.7,16.3,13.6,29.9,0.405,0.9,1.3,7.2
10/27/19,12:00 AM,3.3,36.3,45.4,9,11.6,20.8,0.354,0.6,1,4.2
10/28/19,12:00 AM,2.8,47,43.4,24.2,16.2,40.5,0.436,1.2,1.8,7.7
10/29/19,12:00 AM,2.4,97.1,42.2,11.7,18.2,30,0.407,0.7,1.1,3.5
10/30/19,12:00 AM,3.1,33.5,42.9,12.2,19.3,31.6,0.378,0.9,1.4,6.1
10/31/19,12:00 AM,2.3,53.6,43.7,42,27.6,69.7,0.652,2.2,3.3,15.5
11/1/19,12:00 AM,3.2,34.2,46.4,14.7,18.7,33.5,0.395,1.2,2,12.5
11/2/19,12:00 AM,3,38.3,47.9,19.2,19.9,39.2,0.474,1.3,2.3,14
11/3/19,12:00 AM,2.7,38.1,47.8,15.8,15.7,31.6,0.464,1.3,2.5,13.7
11/4/19,12:00 AM,2.6,39.5,48.8,17.7,17,34.8,0.422,1.5,2.1,12.3
11/5/19,12:00 AM,3.1,42.8,46,20.4,14.7,35.1,0.419,1.1,1.6,10.1
11/6/19,12:00 AM,3.4,40.5,48.7,15.5,15.1,30.7,0.367,1,1.4,10.8
11/7/19,12:00 AM,2.2,93,47.5,65.5,20.7,86.3,0.709,2.6,3.5,13.2
11/8/19,12:00 AM,3.2,142,48.5,63,21.3,84.5,0.721,3.1,4.2,15.1
11/9/19,12:00 AM,2.3,138.7,49.7,6.4,14.5,20.9,0.397,1,1.4,9.4
11/10/19,12:00 AM,2.8,343.7,51.4,10.4,12.9,23.4,0.391,0.9,1.3,8.9
11/11/19,12:00 AM,2.5,230.9,51.1,48.3,18.8,67.2,0.576,2.1,2.6,9.9
11/12/19,12:00 AM,2.6,116.8,49.7,27.7,18.1,45.9,0.451,1.7,2.4,9.1
11/13/19,12:00 AM,3.1,20,50.7,14.4,14.1,28.6,0.375,1.1,1.5,8.7
11/14/19,12:00 AM,2.5,151.9,50.1,61.2,21.2,82.6,0.644,2.8,3.5,15.5
11/15/19,12:00 AM,5.8,184.5,52.4,20.9,20.1,41.1,0.409,1.4,1.9,7.5
11/16/19,12:00 AM,3.4,161.6,51.9,14,16.8,30.9,0.475,1.2,1.8,7.1
11/17/19,12:00 AM,4.3,169.1,53.2,10.3,14.2,24.6,0.36,0.8,1.2,5.7
11/18/19,12:00 AM,3.2,89.3,49.7,17,15.9,33,0.376,1,1.3,4.5
11/19/19,12:00 AM,4,7.4,48.6,9.2,16.6,25.9,0.313,0.7,0.9,5.5
11/20/19,12:00 AM,3.5,53.3,43.6,7.5,14.3,21.9,0.349,,,6.6
11/21/19,12:00 AM,3,94.6,40.4,67.4,19.3,86.8,0.766,,,13.9
11/22/19,12:00 AM,2,113.3,39,72.7,20.4,93.2,0.763,,,19.1
11/23/19,12:00 AM,5.9,145.5,44.3,34.8,15,49.9,0.528,,,13.5
11/24/19,12:00 AM,3.3,132.8,47.9,8.5,15.8,24.4,0.393,,,6.4
11/25/19,12:00 AM,2.4,87,42,7.3,17.1,24.5,0.34,,,4.4
11/26/19,12:00 AM,3.9,53.8,40.3,4.4,11.9,16.5,0.296,,,2.6
11/27/19,12:00 AM,5.6,16.6,41.9,4.5,12.1,16.8,0.297,,,4.2
11/28/19,12:00 AM,4.2,22.9,38.3,2.2,10,12.3,0.297,0.4,0.9,4.6
11/29/19,12:00 AM,2.9,35.3,35.6,10.2,16.6,26.9,0.431,0.8,1.6,8.3
11/30/19,12:00 AM,3.3,59.1,36.9,19.5,16.2,35.8,0.474,1.1,2.1,10.8
12/1/19,12:00 AM,2,75.2,42.6,14.2,18.3,32.6,0.474,0.9,1.2,5.7
12/2/19,12:00 AM,1.8,98.2,45.4,71,27.3,98.4,0.796,3,3.8,13.2
12/3/19,12:00 AM,4.6,147.8,49.4,30.1,22.5,52.7,0.486,2,3,10.2
12/4/19,12:00 AM,3.7,217.5,48.5,28.6,19.5,48.1,0.404,1.7,2.5,10.4
12/5/19,12:00 AM,2.4,64.3,46.9,44.7,17.5,62.3,0.539,1.8,2.1,11.7
12/6/19,12:00 AM,2.1,139.7,49.6,76.9,21.4,98.4,0.706,3.1,4,13.6
12/7/19,12:00 AM,2.2,100,47.6,13.2,15.1,28.4,0.395,0.9,1.4,6.2
12/8/19,12:00 AM,2.4,41.1,48.2,10.3,13.3,23.7,0.362,0.7,1.1,7.2
12/9/19,12:00 AM,2.7,51.8,42.9,6.8,13,19.9,0.343,0.5,0.7,6.3
12/10/19,12:00 AM,3.2,145.7,41.8,21.6,16.3,38,0.444,1.3,1.9,8.8
12/11/19,12:00 AM,2.9,127.6,45.9,16.9,18.2,35.2,0.389,1.1,1.7,6.3
12/12/19,12:00 AM,7.9,197.5,48.1,16.2,21.3,37.6,0.367,1.3,1.5,6
12/13/19,12:00 AM,4.6,208.1,46.2,24.7,24.2,49,0.451,1.6,1.7,4
12/14/19,12:00 AM,2.5,153.1,42.6,11.3,19.4,30.8,0.43,0.9,1.3,5.8
12/15/19,12:00 AM,2,100.6,39.7,11.4,18.7,30.2,0.44,0.9,1.4,5.8
12/16/19,12:00 AM,2.2,107.7,41.5,20.8,22.3,43.2,0.444,1.2,1.6,4.7
12/17/19,12:00 AM,2.3,191.4,44.2,91.3,31.3,122.7,0.805,3.8,4.8,13.3
12/18/19,12:00 AM,2.8,181.2,43.5,81.3,29.3,110.7,0.63,3.8,4.8,14.7
12/19/19,12:00 AM,5,139.5,45.6,10.4,17.5,28,0.398,0.8,1,4.9
12/20/19,12:00 AM,4.1,200.2,49.6,29.3,32.5,61.9,0.489,1.8,2.1,5.2
12/21/19,12:00 AM,2.6,90.7,44,2.8,12.4,15.2,0.306,0.4,0.6,2.5
12/22/19,12:00 AM,2.9,48.4,41.9,3,12.1,15.2,0.305,0.4,0.7,3.2
12/23/19,12:00 AM,2.3,121.4,41.2,9.8,17.8,27.8,0.386,0.8,1.2,4.3
12/24/19,12:00 AM,2.4,144,38.1,31.1,21.6,52.8,0.593,1.5,2,8.5
12/25/19,12:00 AM,2.3,60.6,38.9,8.9,14.3,23.4,0.402,0,0,10.1
12/26/19,12:00 AM,2.7,134.7,35.5,35.6,18.5,54.2,0.586,0.8,1.1,13
12/27/19,12:00 AM,2.7,138.1,40.5,28.2,20,48.3,0.527,1.5,2,8.5
12/28/19,12:00 AM,2.1,128.6,44,25.4,18.5,44,0.565,1.5,2.2,9.1
12/29/19,12:00 AM,1.8,102.3,45.8,24.5,16.9,41.5,0.462,1.2,1.8,7.3
12/30/19,12:00 AM,4.9,144.6,45.3,11.1,14.5,25.7,0.332,0.8,1,3.9
12/31/19,12:00 AM,10,200.9,48.7,14,15.3,29.4,0.343,0.8,0.9,3.4
1/1/20,12:00 AM,6.2,212.5,49.7,6.8,14.1,21,0.289,0.4,0.4,2.7
1/2/20,12:00 AM,4,132.9,42.4,13.2,18.3,31.6,0.358,0.9,1,4.2
1/3/20,12:00 AM,5.6,173.6,50.9,34.3,23.1,57.5,0.481,1.9,2.2,5.9
1/4/20,12:00 AM,8.3,194.1,43.9,6.9,12.2,19.2,0.318,0.5,0.6,4
1/5/20,12:00 AM,7.1,181.4,43.5,5.1,9.5,14.6,0.283,0.3,0.4,2.2
1/6/20,12:00 AM,10.2,185.2,47,,,,0.3,0.7,0.8,1.4
1/7/20,12:00 AM,9.5,192,50.4,12.2,16.6,28.8,0.342,1,1,2.4
1/8/20,12:00 AM,5.2,214.1,40.9,23,24.3,47.4,0.379,1.4,1.5,4.1
1/9/20,12:00 AM,2.3,122.4,35.9,13.8,21.6,35.4,0.428,1.1,1.6,7.8
1/10/20,12:00 AM,6.5,143.8,39.8,5.9,13.7,19.7,0.29,0.5,0.7,2.4
1/11/20,12:00 AM,6.7,199.7,43.3,11.9,16.7,28.7,0.373,0.7,0.7,4.6
1/12/20,12:00 AM,8.3,196.9,39.5,5.9,10.7,16.7,0.278,0.3,0.3,2.2
1/13/20,12:00 AM,4,316.2,32.2,18.1,19,37.2,0.344,1.1,1.3,5.6
1/14/20,12:00 AM,5,72.4,30,4.6,12.5,17.2,0.311,0.4,0.5,3.9
1/15/20,12:00 AM,6.9,128.9,36.6,3.1,8.6,11.8,0.252,0.3,0.3,0.9
1/16/20,12:00 AM,5.9,156.4,39.2,11.8,17.7,29.6,0.33,0.8,1,4.2
1/17/20,12:00 AM,2.5,114,37.6,15.2,20.4,35.7,0.35,0.9,1.2,4.6
1/18/20,12:00 AM,4.1,118.2,43.7,7.1,11.9,19.1,0.287,0.5,0.6,1.5
1/19/20,12:00 AM,1.8,90.4,47.3,29,22.6,51.8,0.476,1.5,1.7,5.8
1/20/20,12:00 AM,2,198.4,48.8,,,,0.591,2.9,3.5,9.1
1/21/20,12:00 AM,8,182.4,46.3,13.2,21.3,34.6,0.291,1.1,1.3,4.7
1/22/20,12:00 AM,4.4,124.4,45.2,9.3,19.6,29.1,0.297,0.8,1,3.2
1/23/20,12:00 AM,3.7,132.6,51,15,20.1,35.2,0.347,1.2,1.5,3.5
1/24/20,12:00 AM,6.4,183,49.4,17.1,22.5,39.7,0.377,1.5,1.6,3.5
1/25/20,12:00 AM,2.9,98.5,47.4,10.2,16.7,27,0.413,1,1.3,4.2
1/26/20,12:00 AM,7,178.3,48.8,5.7,10.9,16.8,0.316,0.4,0.5,3
1/27/20,12:00 AM,4.5,141.4,46.2,10.8,17.5,28.4,0.352,0.8,0.9,2.9
1/28/20,12:00 AM,4.3,158.2,47.9,18.2,21.1,39.4,0.428,1.2,1.3,3.7
1/29/20,12:00 AM,4.5,138.3,47.2,14.8,20.8,35.7,0.385,1.1,1.4,5
1/30/20,12:00 AM,3.6,134.9,45.2,21,18.4,39.4,0.424,1.3,1.6,6.2
1/31/20,12:00 AM,11.5,198,54.2,13.7,15.7,29.5,0.306,1,1.1,2.7
2/1/20,12:00 AM,8.4,163.6,45.9,4.6,9,13.7,0.27,0.3,0.4,2.7
2/2/20,12:00 AM,3.3,149,38.6,8.5,15.6,24.2,0.407,0.8,1.2,6.5
2/3/20,12:00 AM,2.9,51.8,38.3,8.9,16.4,25.4,0.355,0.7,0.8,4.8
2/4/20,12:00 AM,3.8,143.2,35.7,12.6,20.5,33.3,0.41,1.1,1.6,6.1
2/5/20,12:00 AM,3.9,194.9,45.9,29.9,28.5,58.6,0.468,1.6,1.7,3
2/6/20,12:00 AM,2.1,71,46.2,24.9,24.7,49.6,0.447,1.2,1.4,4.6
2/7/20,12:00 AM,8.8,188.5,46.5,14.4,17.6,32.1,0.337,0.9,1,4.3
2/8/20,12:00 AM,4.8,69.7,44.3,5.9,10.4,16.4,0.331,0.4,0.6,3.2
2/9/20,12:00 AM,2.6,61.5,41.5,12.5,17.1,29.7,0.427,0.8,1.2,6.5
2/10/20,12:00 AM,3,30.4,41.6,24.7,19.8,44.7,0.508,1.5,2.3,9.8
2/11/20,12:00 AM,3.1,108.9,41.7,18,19.2,37.3,0.452,1.8,2.4,9.9
2/12/20,12:00 AM,2,94.6,45.3,31.8,25.2,57.1,0.537,1.7,2.1,7.5
2/13/20,12:00 AM,5,168.7,42.3,23.2,18.6,41.9,0.42,1.3,1.6,6.3
2/14/20,12:00 AM,6.7,208.4,44.1,19,18.3,37.5,0.38,1.2,1.3,3.4
2/15/20,12:00 AM,7.6,178.6,43.4,6.8,11,17.9,0.334,0.5,0.6,2.2
2/16/20,12:00 AM,4.2,166.4,42.2,7.2,12.2,19.5,0.35,0.5,0.6,4
2/17/20,12:00 AM,3.3,109.3,41,16.4,17.8,34.3,0.398,1,1.3,5.1
2/18/20,12:00 AM,3.8,32.2,39.5,8.6,15.7,24.4,0.37,0.7,0.9,4.5
2/19/20,12:00 AM,2.6,50.1,43.4,29,27.4,56.4,0.555,1.3,1.7,7.3
2/20/20,12:00 AM,2.6,32.3,44.8,72.5,38.4,111.1,0.745,2.6,3,11.2
2/21/20,12:00 AM,3.5,164.5,45.4,40.4,28.6,69.1,0.603,2.2,2.7,9.4
2/22/20,12:00 AM,3.6,171.9,44.2,14.4,18.9,33.5,0.412,1,1.3,5.6
2/23/20,12:00 AM,9.4,197.5,44,5.1,9.7,14.9,0.289,0.4,0.6,5.2
2/24/20,12:00 AM,4.4,151.9,43.5,15.3,18.4,33.8,0.363,0.8,0.9,6.2
2/25/20,12:00 AM,2,105.3,44,30.9,28,59,0.497,1.7,2.1,9.1
2/26/20,12:00 AM,2.4,149.2,46.7,28.7,24.3,53.1,0.445,1.5,1.9,7.4
2/27/20,12:00 AM,2.5,111.4,47.4,27.1,21,48.2,0.454,1.4,1.8,7.7
2/28/20,12:00 AM,7,167,42.9,23.1,17.3,40.5,0.422,1.4,1.8,7.6
2/29/20,12:00 AM,5.6,180.5,42.4,7.7,11.9,19.8,0.359,0.5,0.6,4.5
3/1/20,12:00 AM,3.1,153.9,40.9,12.4,17,29.5,0.429,0.9,1.1,6.9
3/2/20,12:00 AM,7.4,181.9,44.4,13.5,17.3,30.9,0.341,0.9,1,4.3
3/3/20,12:00 AM,9,201.6,47.8,18.9,15.9,34.9,0.343,1,1.1,1.2
3/4/20,12:00 AM,3.5,150.3,46.4,12.5,20.4,33,0.407,1,1.2,6.4
3/5/20,12:00 AM,5.4,186.5,46.6,21.6,20.3,42,0.423,1.2,1.5,6.4
3/6/20,12:00 AM,2.6,173.4,40.9,18.4,23.8,42.3,0.407,1.2,1.4,5.1
3/7/20,12:00 AM,3.9,188.6,40.9,12,17.2,29.3,0.445,0.9,1.2,5.7
3/8/20,12:00 AM,2.8,53.5,40.6,6.2,14.2,20.6,0.373,0.6,0.9,4.8
3/9/20,12:00 AM,3,42.6,39.6,19.6,21.1,40.8,0.459,1,1.5,7.6
3/10/20,12:00 AM,7,174.7,44.1,17.7,19.8,37.6,0.385,1.1,1.3,4.2
3/11/20,12:00 AM,4.1,15.1,45.8,12,15.6,27.8,0.332,0.7,0.7,4.4
3/12/20,12:00 AM,2.7,14.7,43.9,20,20.1,40.2,0.409,1.2,1.4,7.1
3/13/20,12:00 AM,4.9,13.2,37.8,5.3,11.3,16.7,0.305,0.5,0.7,4.7
3/14/20,12:00 AM,7,352.1,37.5,4.8,7.8,12.7,0.298,0.4,0.5,4.6
3/15/20,12:00 AM,5.6,4.4,38.3,3.6,8,11.6,0.292,0.2,0.4,2.5
3/16/20,12:00 AM,3.8,20.6,43.9,,,,0.37,1.1,1.5,5.9
3/17/20,12:00 AM,2.9,27.7,43.2,39.1,27.9,67.1,0.573,1.8,2.6,11.8
3/18/20,12:00 AM,3,118.8,45.4,31.7,27.2,59,0.462,1.9,2.6,14.4
3/19/20,12:00 AM,2.7,176.2,47,34.8,29.9,64.9,0.504,2,2.7,17.4
3/20/20,12:00 AM,3.3,7.1,49.4,29,23.3,52.4,0.413,1.6,2.1,13.2
3/21/20,12:00 AM,2.7,206.1,46.2,20,23.5,43.5,0.455,1.2,1.8,12.5
3/22/20,12:00 AM,5.5,165.3,46.3,9.3,13.6,23,0.363,1,1.9,12.5
3/23/20,12:00 AM,9,184.6,44.9,12.2,15.8,28,0.285,0.7,0.7,2.7
3/24/20,12:00 AM,4.6,205.3,43.4,14.5,15.7,30.3,0.347,0.9,1,2.1
3/25/20,12:00 AM,2.9,186,42.8,16.3,18.5,34.9,0.343,1,1.2,4.6
3/26/20,12:00 AM,6.7,190.9,43.8,12,16.3,28.4,0.324,0.9,1.1,7
3/27/20,12:00 AM,7.1,188.4,46.2,9.1,15.2,24.4,0.308,0.8,0.9,4.3
3/28/20,12:00 AM,8.1,184,49.1,3.1,7.8,11,0.302,0.4,0.5,1.3
3/29/20,12:00 AM,8.1,194.5,49.1,3.8,7.9,11.8,0.214,0.2,0.3,0.9
3/30/20,12:00 AM,8.5,196.9,43.4,9.3,13.6,23,0.261,0.5,0.6,2.7
3/31/20,12:00 AM,5.5,208.2,42.2,12.5,14.2,26.8,0.268,0.7,0.7,2.8
4/1/20,12:00 AM,4,294.4,43.2,11.1,14.6,25.9,0.32,0.7,0.8,3.5
4/2/20,12:00 AM,4.8,181.9,43.2,9.3,13.3,22.7,0.311,0.6,0.8,4.4
4/3/20,12:00 AM,7.1,191.3,42,8,10.2,18.4,0.283,0.4,0.5,2.3
4/4/20,12:00 AM,4.2,19.4,43.9,4.3,9.3,13.8,0.312,0.4,0.7,3
4/5/20,12:00 AM,4.5,8.9,47.3,2.7,6.7,9.5,0.215,0.2,0.4,3.3
4/6/20,12:00 AM,,,,,,,,,,
Minimum,,1.7,(0 Deg),26.4,1.6,6.1,7.9,0.101,0,0,0.9
MinDate,,25-Dec,2-Jan,4-Feb,3-Mar,4-Feb,4-Feb,23-Jan,1-Dec,1-Dec,21-Jan
MinTime,,12:00,12:00,12:00,12:00,12:00,12:00,12:00,12:00,12:00,12:00
Maximum,,11.8,(359.6 Deg),76.6,218.1,59.2,259.3,2.965,7.4,9.4,102.2
MaxDate,,17-Feb,2-Jan,12-Jun,15-Jan,22-Aug,15-Jan,8-Apr,15-Jan,22-Aug,21-Aug
MaxTime,,12:00,12:00,12:00,12:00,12:00,12:00,12:00,12:00,12:00,12:00
Avg,,4.3,177.5,52.3,23.4,18.8,42.3,0.429,1.2,1.5,8
Num,,824,824,824,804,804,804,816,795,795,808
Data[%],,99,99,99,97,97,97,98,96,96,97
STD,,1.7,72,10.1,19.4,6.4,24.4,0.1,0.8,1,7.1